model_id, fold, beta_1, lr, recurrent_dropout, lstm_units, epoch, loss, acc, f1, val_loss, val_acc, val_f1, time
1, 3, 0.9614758586674379, 0.00018576276297056736, 0, 60.0, 51, 0.6674301624298096, 0.7212108373641968, 0.46314817667007446, 0.6639218330383301, 0.738806426525116, 0.5408252477645874, 58.68166756629944
1, 5, 0.9614758586674379, 0.00018576276297056736, 0, 60.0, 69, 0.6391993761062622, 0.7181336879730225, 0.4052170217037201, 0.6074609756469727, 0.8385578989982605, 0.6324938535690308, 36.0029821395874
1, 9, 0.9614758586674379, 0.00018576276297056736, 0, 60.0, 71, 0.60783451795578, 0.7172964215278625, 0.366576611995697, 0.6322643756866455, 0.7509325742721558, 0.49722185730934143, 38.27699828147888
2, 3, 0.8842275885658176, 0.00012984517862189772, 0.3, 38.0, 154, 0.5728886127471924, 0.6891627311706543, 0.34691837430000305, 0.5403754711151123, 0.6865675449371338, 0.2216469794511795, 34.47199988365173
2, 5, 0.8842275885658176, 0.00012984517862189772, 0.3, 38.0, 169, 0.5403695702552795, 0.7400189638137817, 0.2774493098258972, 0.5658614635467529, 0.8056425452232361, 0.33883970975875854, 33.05298066139221
2, 9, 0.8842275885658176, 0.00012984517862189772, 0.3, 38.0, 78, 0.6601828932762146, 0.6333776712417603, 0.3307459354400635, 0.673277735710144, 0.6902983784675598, 0.4922144412994385, 35.275999307632446
3, 3, 0.952189415359633, 0.0020595527497561635, 0, 30.0, 200, 0.5742735862731934, 0.721992552280426, 0.43074139952659607, 0.5742487907409668, 0.7251247763633728, 0.5220896005630493, 33.32399940490723
3, 5, 0.952189415359633, 0.0020595527497561635, 0, 30.0, 182, 0.4169340133666992, 0.8001434206962585, 0.47468802332878113, 0.49674955010414124, 0.7774293422698975, 0.585379958152771, 32.542001485824585
3, 9, 0.952189415359633, 0.0020595527497561635, 0, 30.0, 178, 0.3759833574295044, 0.844929575920105, 0.43609440326690674, 0.3856424391269684, 0.8451485633850098, 0.5754320025444031, 33.73098111152649
4, 3, 0.8892413803021955, 0.003440621694144931, 0.1, 22.0, 131, 0.46913838386535645, 0.7574278116226196, 0.4327716827392578, 0.45979633927345276, 0.7997517585754395, 0.4559779167175293, 33.04899978637695
4, 5, 0.8892413803021955, 0.003440621694144931, 0.1, 22.0, 114, 0.4194944202899933, 0.8027889132499695, 0.4541512429714203, 0.48525378108024597, 0.8213165402412415, 0.6505718231201172, 30.929001092910767
4, 9, 0.8892413803021955, 0.003440621694144931, 0.1, 22.0, 189, 0.3121688663959503, 0.8714134693145752, 0.5079028010368347, 0.4270380437374115, 0.8451485633850098, 0.5859615206718445, 32.48598027229309
5, 3, 0.8898991592315518, 0.00014338448154844718, 0.2, 50.0, 55, 0.6712204217910767, 0.744400143623352, 0.4998801052570343, 0.6677815914154053, 0.781095027923584, 0.6010527610778809, 36.88299894332886
5, 5, 0.8898991592315518, 0.00014338448154844718, 0.2, 50.0, 79, 0.6401946544647217, 0.7287155389785767, 0.4032997488975525, 0.6179460287094116, 0.830720841884613, 0.6174235343933105, 34.892991065979004
5, 9, 0.8898991592315518, 0.00014338448154844718, 0.2, 50.0, 68, 0.6281774640083313, 0.7536719441413879, 0.3881029784679413, 0.6419123411178589, 0.7835816740989685, 0.5413777828216553, 37.36700129508972
6, 3, 0.7813735228978608, 0.005350258496285501, 0.1, 48.0, 62, 0.5525388121604919, 0.728506326675415, 0.30776581168174744, 0.5434213876724243, 0.7611945271492004, 0.4106811285018921, 37.08669710159302
6, 5, 0.7813735228978608, 0.005350258496285501, 0.1, 48.0, 138, 0.5800447463989258, 0.7732076644897461, 0.39012768864631653, 0.47776710987091064, 0.8056424856185913, 0.6658027172088623, 34.60899758338928
6, 9, 0.7813735228978608, 0.005350258496285501, 0.1, 48.0, 94, 0.3730882704257965, 0.8433341383934021, 0.5118703842163086, 0.3769504427909851, 0.8348874449729919, 0.5879147052764893, 37.11789798736572
7, 3, 0.8658396096708116, 0.0007477645711211013, 0.3, 50.0, 137, 0.460923433303833, 0.7558645009994507, 0.43431130051612854, 0.4835485517978668, 0.7611945271492004, 0.46691304445266724, 36.5079984664917
7, 5, 0.8658396096708116, 0.0007477645711211013, 0.3, 50.0, 173, 0.42167899012565613, 0.801345944404602, 0.43619659543037415, 0.5036879181861877, 0.7931033372879028, 0.46672892570495605, 34.76699900627136
7, 9, 0.8658396096708116, 0.0007477645711211013, 0.3, 50.0, 100, 0.4166335463523865, 0.8194029331207275, 0.3902908265590668, 0.42357680201530457, 0.8003726005554199, 0.5270131826400757, 36.559000968933105
8, 3, 0.8331239835679196, 0.0010004805709232832, 0, 30.0, 90, 0.4935247600078583, 0.7245980501174927, 0.39016488194465637, 0.46666648983955383, 0.784826397895813, 0.4602125883102417, 33.536999225616455
8, 5, 0.8331239835679196, 0.0010004805709232832, 0, 30.0, 185, 0.3853943347930908, 0.8217881917953491, 0.4834359586238861, 0.4686639606952667, 0.8103446960449219, 0.5518500804901123, 32.15200066566467
8, 9, 0.8331239835679196, 0.0010004805709232832, 0, 30.0, 95, 0.41747695207595825, 0.817488431930542, 0.3825515806674957, 0.41550323367118835, 0.8031711578369141, 0.513648271560669, 33.47800159454346
9, 3, 0.911236844571327, 0.0009812229977127366, 0.1, 28.0, 103, 0.4975118935108185, 0.7331963181495667, 0.4172303378582001, 0.45874422788619995, 0.7611945271492004, 0.3520314693450928, 33.96500015258789
9, 5, 0.911236844571327, 0.0009812229977127366, 0.1, 28.0, 189, 0.41688072681427, 0.7994219064712524, 0.4826020896434784, 0.48233550786972046, 0.8040751218795776, 0.4729180335998535, 32.10400032997131
9, 9, 0.911236844571327, 0.0009812229977127366, 0.1, 28.0, 109, 0.4177148938179016, 0.822912871837616, 0.3907124102115631, 0.4171060025691986, 0.8050368428230286, 0.5306155681610107, 33.45399880409241
10, 3, 0.7429875933228637, 0.007004111182786579, 0.2, 50.0, 199, 0.47285887598991394, 0.7566461563110352, 0.4780367314815521, 0.43941766023635864, 0.7985079288482666, 0.5063710808753967, 37.923683643341064
10, 5, 0.7429875933228637, 0.007004111182786579, 0.2, 50.0, 182, 0.4454108774662018, 0.7902830839157104, 0.4963313341140747, 0.48549824953079224, 0.8072099089622498, 0.6503663659095764, 36.01299858093262
10, 9, 0.7429875933228637, 0.007004111182786579, 0.2, 50.0, 183, 0.4289945960044861, 0.8171693682670593, 0.5080363154411316, 0.38745641708374023, 0.8423501253128052, 0.6579701900482178, 37.502997159957886
11, 3, 0.8544792202970041, 0.0006480565544398305, 0.2, 46.0, 118, 0.4986332952976227, 0.7175630927085876, 0.4046686589717865, 0.4704578220844269, 0.7649258375167847, 0.3513404130935669, 37.55199837684631
11, 5, 0.8544792202970041, 0.0006480565544398305, 0.2, 46.0, 158, 0.4523351788520813, 0.7804226279258728, 0.4292805790901184, 0.5290987491607666, 0.8040750622749329, 0.5484216213226318, 35.7079975605011
11, 9, 0.8544792202970041, 0.0006480565544398305, 0.2, 46.0, 109, 0.4245765805244446, 0.81110680103302, 0.381753534078598, 0.4132019877433777, 0.8059696555137634, 0.5157381892204285, 36.782979249954224
12, 3, 0.825157227098291, 0.00029626591126689623, 0.4, 36.0, 64, 0.5805611610412598, 0.6758745312690735, 0.3735862970352173, 0.5662261843681335, 0.692786455154419, 0.43860647082328796, 35.517996311187744
12, 5, 0.825157227098291, 0.00029626591126689623, 0.4, 36.0, 51, 0.6402356028556824, 0.7510818839073181, 0.4023456573486328, 0.6308296918869019, 0.7884011268615723, 0.49359849095344543, 35.12898087501526
12, 9, 0.825157227098291, 0.00029626591126689623, 0.4, 36.0, 54, 0.6149084568023682, 0.7440994381904602, 0.361763596534729, 0.6306848526000977, 0.772387683391571, 0.5234816074371338, 35.06599688529968
13, 3, 0.8087972015484981, 0.004852796493559448, 0.1, 48.0, 95, 0.5109931826591492, 0.7467451095581055, 0.46715864539146423, 0.47926175594329834, 0.7922890186309814, 0.425298273563385, 36.8209810256958
13, 5, 0.8087972015484981, 0.004852796493559448, 0.1, 48.0, 169, 0.4506843686103821, 0.7845110297203064, 0.4553165137767792, 0.4698024392127991, 0.8166143298149109, 0.6779153943061829, 36.13797950744629
13, 9, 0.8087972015484981, 0.004852796493559448, 0.1, 48.0, 77, 0.41999420523643494, 0.8146167397499084, 0.42495328187942505, 0.3972201943397522, 0.8423501253128052, 0.591476559638977, 37.05899786949158
14, 3, 0.979911381419629, 0.002565451435486462, 0, 28.0, 165, 0.47771090269088745, 0.7524772882461548, 0.45865750312805176, 0.437033474445343, 0.7922890186309814, 0.40298840403556824, 33.60798096656799
14, 5, 0.979911381419629, 0.002565451435486462, 0, 28.0, 198, 0.4407881200313568, 0.8032699227333069, 0.470377653837204, 0.5005360245704651, 0.7868337631225586, 0.527868390083313, 32.39798164367676
14, 9, 0.979911381419629, 0.002565451435486462, 0, 28.0, 195, 0.38635092973709106, 0.8404624462127686, 0.519612729549408, 0.3767107129096985, 0.84328293800354, 0.5743749141693115, 34.22399044036865
15, 3, 0.8864378778691119, 0.006822295023716703, 0.3, 42.0, 142, 0.4739273190498352, 0.7576883435249329, 0.49151933193206787, 0.45914512872695923, 0.7972641587257385, 0.4407169222831726, 36.599000692367554
15, 5, 0.8864378778691119, 0.006822295023716703, 0.3, 42.0, 64, 0.43797120451927185, 0.7873970866203308, 0.461078017950058, 0.4862724244594574, 0.8228839039802551, 0.6700713038444519, 34.2419798374176
15, 9, 0.8864378778691119, 0.006822295023716703, 0.3, 42.0, 165, 0.3924821615219116, 0.8356761336326599, 0.48468488454818726, 0.3861476480960846, 0.848879873752594, 0.5937638282775879, 36.88598084449768
16, 3, 0.9756270855720285, 0.0001666467939268564, 0.3, 42.0, 51, 0.6785074472427368, 0.7446606755256653, 0.4315062165260315, 0.6756443977355957, 0.769900918006897, 0.3612036108970642, 36.26900029182434
16, 5, 0.9756270855720285, 0.0001666467939268564, 0.3, 42.0, 96, 0.6445242762565613, 0.7106782793998718, 0.3929797410964966, 0.6248670220375061, 0.7852663397789001, 0.5640282034873962, 34.069979429244995
16, 9, 0.9756270855720285, 0.0001666467939268564, 0.3, 42.0, 183, 0.5302271842956543, 0.7571817636489868, 0.3225317895412445, 0.5343278050422668, 0.8442157506942749, 0.4781339466571808, 36.50800156593323
17, 3, 0.8034889698635637, 0.000531991754557926, 0.2, 46.0, 120, 0.5016270875930786, 0.7115703821182251, 0.39080896973609924, 0.47185876965522766, 0.7587069272994995, 0.36285704374313354, 36.85099720954895
17, 5, 0.8034889698635637, 0.000531991754557926, 0.2, 46.0, 153, 0.45963793992996216, 0.7792201042175293, 0.4287886321544647, 0.5056545734405518, 0.8056424856185913, 0.5354177951812744, 34.8329803943634
17, 9, 0.8034889698635637, 0.000531991754557926, 0.2, 46.0, 120, 0.42872071266174316, 0.8104686141014099, 0.38111650943756104, 0.4197221100330353, 0.8031711578369141, 0.5168951749801636, 36.76099705696106
18, 3, 0.8180911641822501, 0.00041853821119518844, 0.2, 40.0, 167, 0.4855155050754547, 0.7261613607406616, 0.37922143936157227, 0.4672051668167114, 0.7611945271492004, 0.25552791357040405, 35.72699856758118
18, 5, 0.8180911641822501, 0.00041853821119518844, 0.2, 40.0, 112, 0.47476717829704285, 0.7720052003860474, 0.3750990927219391, 0.5401172041893005, 0.8056424856185913, 0.4445967674255371, 34.35998201370239
18, 9, 0.8180911641822501, 0.00041853821119518844, 0.2, 40.0, 161, 0.4254615306854248, 0.816531240940094, 0.38142484426498413, 0.43065759539604187, 0.8022382855415344, 0.504820704460144, 35.57997989654541
19, 3, 0.9937951070390986, 0.0002504455976600812, 0, 44.0, 55, 0.6631989479064941, 0.7446607351303101, 0.4164893627166748, 0.6607838869094849, 0.769900918006897, 0.433093786239624, 36.40298056602478
19, 5, 0.9937951070390986, 0.0002504455976600812, 0, 44.0, 61, 0.6444894671440125, 0.7147667407989502, 0.4318804442882538, 0.6230965256690979, 0.7727271914482117, 0.5700674057006836, 34.99698185920715
19, 9, 0.9937951070390986, 0.0002504455976600812, 0, 44.0, 53, 0.6244456768035889, 0.7425039410591125, 0.3873753547668457, 0.6404027342796326, 0.7751861810684204, 0.5025122165679932, 37.10700011253357
20, 3, 0.8300046868797466, 0.00016796161378282635, 0.2, 34.0, 77, 0.6672699451446533, 0.7292879819869995, 0.34923189878463745, 0.663689136505127, 0.7723885178565979, 0.25992265343666077, 34.593995571136475
20, 5, 0.8300046868797466, 0.00016796161378282635, 0.2, 34.0, 181, 0.5028674006462097, 0.7484363913536072, 0.32990357279777527, 0.5528371930122375, 0.7915359735488892, 0.4378533661365509, 32.571982860565186
20, 9, 0.8300046868797466, 0.00016796161378282635, 0.2, 34.0, 52, 0.6738654375076294, 0.6732630133628845, 0.3845919966697693, 0.6808290481567383, 0.7117535471916199, 0.5126252174377441, 35.45399594306946
21, 3, 0.7127297211477107, 0.001705368523855924, 0.2, 56.0, 72, 0.4858410060405731, 0.7397102117538452, 0.4134506285190582, 0.4681144952774048, 0.774876058101654, 0.40983569622039795, 38.11498045921326
21, 5, 0.7127297211477107, 0.001705368523855924, 0.2, 56.0, 85, 0.46980762481689453, 0.7825870513916016, 0.42470285296440125, 0.5103446841239929, 0.8009403347969055, 0.6101999282836914, 36.330979347229004
21, 9, 0.7127297211477107, 0.001705368523855924, 0.2, 56.0, 63, 0.40392500162124634, 0.833123505115509, 0.392614483833313, 0.40476328134536743, 0.8106338381767273, 0.5589120984077454, 38.644980907440186
22, 3, 0.7000760925242759, 0.009778637854134364, 0.2, 54.0, 117, 0.5253723859786987, 0.7470055818557739, 0.516859233379364, 0.5060243606567383, 0.7786074280738831, 0.5055112242698669, 38.190996170043945
22, 5, 0.7000760925242759, 0.009778637854134364, 0.2, 54.0, 148, 0.44681572914123535, 0.7902830243110657, 0.5056246519088745, 0.4864092469215393, 0.8119121193885803, 0.66446852684021, 36.50498080253601
22, 9, 0.7000760925242759, 0.009778637854134364, 0.2, 54.0, 195, 0.39284300804138184, 0.8276990652084351, 0.456365168094635, 0.4082140326499939, 0.8330217599868774, 0.6309463977813721, 37.877999782562256
23, 3, 0.7146354955650823, 0.009131160386450274, 0.4, 56.0, 182, 0.49963945150375366, 0.7457029223442078, 0.505488932132721, 0.5035597681999207, 0.7947765588760376, 0.5338444709777832, 37.954997539520264
23, 5, 0.7146354955650823, 0.009131160386450274, 0.4, 56.0, 98, 0.5201255083084106, 0.7746506929397583, 0.42175957560539246, 0.5051977634429932, 0.7868337631225586, 0.66597580909729, 36.18499803543091
23, 9, 0.7146354955650823, 0.009131160386450274, 0.4, 56.0, 53, 0.4656195640563965, 0.805682361125946, 0.5087579488754272, 0.448173463344574, 0.8376858830451965, 0.6689605712890625, 38.28698253631592
24, 3, 0.7390813028879866, 0.009538350002971652, 0.4, 58.0, 197, 0.5099645853042603, 0.7446606755256653, 0.39864909648895264, 0.4664819836616516, 0.7898014783859253, 0.45656618475914, 38.177000999450684
24, 5, 0.7390813028879866, 0.009538350002971652, 0.4, 58.0, 132, 0.42608165740966797, 0.8051938414573669, 0.4412302076816559, 0.48019513487815857, 0.7664575576782227, 0.6996672749519348, 36.648980379104614
24, 9, 0.7390813028879866, 0.009538350002971652, 0.4, 58.0, 117, 0.41060301661491394, 0.8318471908569336, 0.5428590178489685, 0.3914952278137207, 0.8311560750007629, 0.624306321144104, 39.065998792648315
25, 3, 0.7515074451901781, 0.007425672058565677, 0.4, 54.0, 168, 0.5084516406059265, 0.7566461563110352, 0.4263781011104584, 0.4428309202194214, 0.784826397895813, 0.4718379080295563, 38.223997831344604
25, 5, 0.7515074451901781, 0.007425672058565677, 0.4, 54.0, 177, 0.43721139430999756, 0.804953396320343, 0.49676114320755005, 0.49584299325942993, 0.7978055477142334, 0.6311004161834717, 36.29598140716553
25, 9, 0.7515074451901781, 0.007425672058565677, 0.4, 54.0, 91, 0.38162195682525635, 0.8433341383934021, 0.47693997621536255, 0.3857552409172058, 0.8358202576637268, 0.6025099158287048, 37.31199812889099
26, 3, 0.7302147497167556, 0.0036774927942312707, 0.4, 60.0, 199, 0.4690312147140503, 0.7628994584083557, 0.5161828398704529, 0.45200684666633606, 0.7860701084136963, 0.4832153618335724, 38.29899740219116
26, 5, 0.7302147497167556, 0.0036774927942312707, 0.4, 60.0, 137, 0.4284323453903198, 0.7902830243110657, 0.4801671802997589, 0.4818544387817383, 0.8166143298149109, 0.6528334021568298, 36.101001024246216
26, 9, 0.7302147497167556, 0.0036774927942312707, 0.4, 60.0, 62, 0.41387706995010376, 0.8216365575790405, 0.4774567186832428, 0.4291589856147766, 0.8302232623100281, 0.5912675857543945, 38.17098093032837
27, 3, 0.7697497070852701, 0.0015688064603720795, 0.4, 54.0, 83, 0.5148367881774902, 0.7298091650009155, 0.434428334236145, 0.4725675880908966, 0.777363657951355, 0.40615394711494446, 38.68399620056152
27, 5, 0.7697497070852701, 0.0015688064603720795, 0.4, 54.0, 161, 0.4369189441204071, 0.7931690216064453, 0.4510159492492676, 0.5142316818237305, 0.8009403944015503, 0.5291914343833923, 35.95998191833496
27, 9, 0.7697497070852701, 0.0015688064603720795, 0.4, 54.0, 180, 0.381498783826828, 0.8430150747299194, 0.45063528418540955, 0.39555880427360535, 0.8152979612350464, 0.5330871939659119, 37.538981676101685
28, 3, 0.701603509603573, 0.009649104396791794, 0.4, 52.0, 191, 0.47837764024734497, 0.7576883435249329, 0.5119611620903015, 0.4472288191318512, 0.7860701084136963, 0.49003347754478455, 38.27898049354553
28, 5, 0.701603509603573, 0.009649104396791794, 0.4, 52.0, 70, 0.4732050895690918, 0.790042519569397, 0.4119863212108612, 0.47033944725990295, 0.8166143298149109, 0.6387723088264465, 35.68399786949158
28, 9, 0.701603509603573, 0.009649104396791794, 0.4, 52.0, 71, 0.3932034373283386, 0.8318471312522888, 0.4849647581577301, 0.3857209086418152, 0.8395516276359558, 0.5831015110015869, 37.10598063468933
29, 3, 0.7734555280756192, 0.0035695882038263033, 0.4, 60.0, 106, 0.49836739897727966, 0.7391890287399292, 0.46261054277420044, 0.47694966197013855, 0.7835825085639954, 0.5347016453742981, 39.1909818649292
29, 5, 0.7734555280756192, 0.0035695882038263033, 0.4, 60.0, 91, 0.45672544836997986, 0.7852326035499573, 0.4477512538433075, 0.48049548268318176, 0.8181816935539246, 0.6719933152198792, 36.71499800682068
29, 9, 0.7734555280756192, 0.0035695882038263033, 0.4, 60.0, 184, 0.3549148440361023, 0.8532257080078125, 0.4770379066467285, 0.418666809797287, 0.82182776927948, 0.6271231174468994, 38.10899901390076
30, 3, 0.7781741193982906, 0.0029511793000311076, 0.4, 60.0, 53, 0.4958173632621765, 0.744400143623352, 0.4472198784351349, 0.461652934551239, 0.774876058101654, 0.48295846581459045, 38.82698130607605
30, 5, 0.7781741193982906, 0.0029511793000311076, 0.4, 60.0, 145, 0.4848122000694275, 0.7748911380767822, 0.427712082862854, 0.5011935830116272, 0.8025076985359192, 0.6310825943946838, 36.808000802993774
30, 9, 0.7781741193982906, 0.0029511793000311076, 0.4, 60.0, 176, 0.37821847200393677, 0.8407814502716064, 0.5715386271476746, 0.4412997364997864, 0.8097009658813477, 0.6081611514091492, 38.374979734420776
31, 3, 0.721181793885248, 0.004704132445988825, 0.4, 58.0, 126, 0.7086623311042786, 0.6935921907424927, 0.2267656773328781, 0.5267981290817261, 0.7537317872047424, 0.41249266266822815, 38.50190210342407
31, 5, 0.721181793885248, 0.004704132445988825, 0.4, 58.0, 163, 0.43082335591316223, 0.7953335642814636, 0.4852917790412903, 0.46516162157058716, 0.819749116897583, 0.6695230007171631, 36.668999433517456
31, 9, 0.721181793885248, 0.004704132445988825, 0.4, 58.0, 199, 0.40682491660118103, 0.8235509991645813, 0.4278205633163452, 0.4072248041629791, 0.825559139251709, 0.5820224285125732, 38.19400119781494
32, 3, 0.7933143910796404, 0.0013284221915720875, 0.4, 58.0, 167, 0.4777653217315674, 0.761336088180542, 0.4497133195400238, 0.47434964776039124, 0.7649258375167847, 0.44472721219062805, 38.418996810913086
32, 5, 0.7933143910796404, 0.0013284221915720875, 0.4, 58.0, 195, 0.4980758726596832, 0.768878698348999, 0.3993106484413147, 0.48077118396759033, 0.7962381839752197, 0.6064019799232483, 36.89600133895874
32, 9, 0.7933143910796404, 0.0013284221915720875, 0.4, 58.0, 79, 0.4067996144294739, 0.8251464366912842, 0.39912381768226624, 0.4068438708782196, 0.8069024682044983, 0.5456094741821289, 37.93034839630127
33, 3, 0.7635052324159916, 0.00010087136929704098, 0.4, 20.0, 75, 0.6823265552520752, 0.7298091650009155, 0.4114307165145874, 0.6815944314002991, 0.7500004172325134, 0.49314549565315247, 32.1209990978241
33, 5, 0.7635052324159916, 0.00010087136929704098, 0.4, 20.0, 54, 0.6836961507797241, 0.7320824861526489, 0.4637581706047058, 0.6795368194580078, 0.8354230523109436, 0.7329157590866089, 32.112000465393066
33, 9, 0.7635052324159916, 0.00010087136929704098, 0.4, 20.0, 98, 0.6659229397773743, 0.7839847803115845, 0.4111136496067047, 0.67011958360672, 0.8022382855415344, 0.521887481212616, 32.522979497909546
34, 3, 0.9373384858406505, 0.0021198961315978602, 0.4, 56.0, 95, 0.47843852639198303, 0.7488296031951904, 0.4535156488418579, 0.4552271068096161, 0.7885576486587524, 0.4225848615169525, 38.06599736213684
34, 5, 0.9373384858406505, 0.0021198961315978602, 0.4, 56.0, 197, 0.43998271226882935, 0.7864351272583008, 0.5126728415489197, 0.5164592266082764, 0.7868337631225586, 0.6023464202880859, 37.40700054168701
34, 9, 0.9373384858406505, 0.0021198961315978602, 0.4, 56.0, 124, 0.38448256254196167, 0.8411005139350891, 0.46944257616996765, 0.3797922730445862, 0.8320889472961426, 0.6097958087921143, 37.610804319381714
35, 3, 0.7188419775422581, 0.0038736040164080556, 0.4, 60.0, 52, 0.5456758737564087, 0.7342385053634644, 0.4684550166130066, 0.49646496772766113, 0.7798512578010559, 0.4679335951805115, 38.221999406814575
35, 5, 0.7188419775422581, 0.0038736040164080556, 0.4, 60.0, 109, 0.4351809024810791, 0.7835490107536316, 0.45877066254615784, 0.48106396198272705, 0.8025076985359192, 0.6278089284896851, 37.04398059844971
35, 9, 0.7188419775422581, 0.0038736040164080556, 0.4, 60.0, 109, 0.41142135858535767, 0.8241892457008362, 0.4477927088737488, 0.419341504573822, 0.838618814945221, 0.588024914264679, 38.52200198173523
36, 3, 0.7587506494579715, 0.005803848813640722, 0.3, 56.0, 91, 0.4634098410606384, 0.7675893902778625, 0.493094801902771, 0.4512300491333008, 0.7922890186309814, 0.4478113651275635, 38.21700119972229
36, 5, 0.7587506494579715, 0.005803848813640722, 0.3, 56.0, 178, 0.4332273602485657, 0.7950929999351501, 0.49781563878059387, 0.4703887701034546, 0.813479483127594, 0.6665475964546204, 36.34999990463257
36, 9, 0.7587506494579715, 0.005803848813640722, 0.3, 56.0, 179, 0.3649916350841522, 0.8570547103881836, 0.43800029158592224, 0.39801478385925293, 0.8479471206665039, 0.5989997982978821, 38.5040009021759
37, 3, 0.7878102543014431, 0.0025767387481268667, 0.1, 52.0, 82, 0.4821813702583313, 0.7436184287071228, 0.4420050084590912, 0.46301621198654175, 0.7997517585754395, 0.40657752752304077, 37.23229479789734
37, 5, 0.7878102543014431, 0.0025767387481268667, 0.1, 52.0, 138, 0.4259529113769531, 0.7924474477767944, 0.47108009457588196, 0.4871220886707306, 0.813479483127594, 0.6763262152671814, 35.4130003452301
37, 9, 0.7878102543014431, 0.0025767387481268667, 0.1, 52.0, 192, 0.3440723419189453, 0.8423769474029541, 0.492586225271225, 0.4474530518054962, 0.812499463558197, 0.5502858757972717, 38.20298171043396
38, 3, 0.8423326175270576, 0.0011538632675258107, 0, 34.0, 99, 0.48502978682518005, 0.7412734627723694, 0.39817243814468384, 0.4543452560901642, 0.7761198878288269, 0.3549204170703888, 34.71399998664856
38, 5, 0.8423326175270576, 0.0011538632675258107, 0, 34.0, 166, 0.4271036386489868, 0.7955740094184875, 0.44887158274650574, 0.49613115191459656, 0.8056424856185913, 0.5394293665885925, 33.501999616622925
38, 9, 0.8423326175270576, 0.0011538632675258107, 0, 34.0, 196, 0.36407268047332764, 0.847163200378418, 0.4624515473842621, 0.41414543986320496, 0.8227606415748596, 0.5160222053527832, 35.5019793510437
39, 3, 0.8702810540777748, 0.007996649053366688, 0.4, 24.0, 86, 0.4905538260936737, 0.7498717904090881, 0.4681288003921509, 0.4573363959789276, 0.7885576486587524, 0.43364590406417847, 32.64900040626526
39, 5, 0.8702810540777748, 0.007996649053366688, 0.4, 24.0, 188, 0.43245798349380493, 0.809522807598114, 0.4838235080242157, 0.468252569437027, 0.8228839039802551, 0.6442278623580933, 31.486979484558105
39, 9, 0.8702810540777748, 0.007996649053366688, 0.4, 24.0, 92, 0.3669741749763489, 0.8487585783004761, 0.4576795697212219, 0.37571531534194946, 0.8479470610618591, 0.5878309011459351, 32.84501051902771
40, 3, 0.9151946924464551, 0.004079450962930885, 0.1, 48.0, 137, 0.4995914101600647, 0.7524772882461548, 0.44538208842277527, 0.4664136469364166, 0.766169548034668, 0.4335630238056183, 37.63000154495239
40, 5, 0.9151946924464551, 0.004079450962930885, 0.1, 48.0, 125, 0.4204910397529602, 0.8037508726119995, 0.47996288537979126, 0.5194050669670105, 0.7821314930915833, 0.6645428538322449, 36.13298010826111
40, 9, 0.9151946924464551, 0.004079450962930885, 0.1, 48.0, 123, 0.3802977204322815, 0.844929575920105, 0.43706464767456055, 0.3764278292655945, 0.8488799929618835, 0.5775469541549683, 36.792999029159546
41, 3, 0.7461086224016681, 0.002188129809770322, 0.4, 38.0, 163, 0.49332502484321594, 0.7516956329345703, 0.41846197843551636, 0.4826217591762543, 0.7462691068649292, 0.3002377152442932, 36.75498008728027
41, 5, 0.7461086224016681, 0.002188129809770322, 0.4, 38.0, 122, 0.4292962849140167, 0.7816250920295715, 0.43135955929756165, 0.49255678057670593, 0.8056424856185913, 0.6761279106140137, 34.04298114776611
41, 9, 0.7461086224016681, 0.002188129809770322, 0.4, 38.0, 126, 0.41419535875320435, 0.8184456825256348, 0.48201867938041687, 0.43692153692245483, 0.8078352808952332, 0.549509584903717, 35.758999824523926
42, 3, 0.7046138017838958, 0.0031494479745832905, 0.3, 52.0, 132, 0.4647671580314636, 0.7574278116226196, 0.47157278656959534, 0.4607289433479309, 0.7786074280738831, 0.4613662362098694, 38.05300259590149
42, 5, 0.7046138017838958, 0.0031494479745832905, 0.3, 52.0, 87, 0.4691351652145386, 0.7809036374092102, 0.44323205947875977, 0.4924650192260742, 0.8056424856185913, 0.6749457716941833, 35.642000675201416
42, 9, 0.7046138017838958, 0.0031494479745832905, 0.3, 52.0, 83, 0.3994368314743042, 0.8340807557106018, 0.4605112373828888, 0.4103018641471863, 0.8097009658813477, 0.5732774138450623, 38.07800030708313
43, 3, 0.7300678542362958, 0.005584595897334618, 0, 50.0, 65, 0.4914289116859436, 0.748047947883606, 0.4749028980731964, 0.4464333653450012, 0.7786074280738831, 0.48712867498397827, 37.41968822479248
43, 5, 0.7300678542362958, 0.005584595897334618, 0, 50.0, 177, 0.4351245164871216, 0.7818655967712402, 0.45399194955825806, 0.4802330732345581, 0.8213165402412415, 0.6665492057800293, 35.993980169296265
43, 9, 0.7300678542362958, 0.005584595897334618, 0, 50.0, 127, 0.4334149658679962, 0.790047287940979, 0.4521028697490692, 0.41623204946517944, 0.8274248242378235, 0.5738212466239929, 38.37098026275635
44, 3, 0.8001170010289965, 0.0007950488338562914, 0.4, 46.0, 100, 0.49663013219833374, 0.721992552280426, 0.4222124218940735, 0.4716491103172302, 0.767413318157196, 0.35803452134132385, 36.8579797744751
44, 5, 0.8001170010289965, 0.0007950488338562914, 0.4, 46.0, 118, 0.47958725690841675, 0.764309287071228, 0.38778412342071533, 0.4942007064819336, 0.8103446960449219, 0.5343488454818726, 35.189979553222656
44, 9, 0.8001170010289965, 0.0007950488338562914, 0.4, 46.0, 184, 0.42875388264656067, 0.810149610042572, 0.4724308252334595, 0.4183800220489502, 0.8190293312072754, 0.5159114003181458, 37.66298055648804
45, 3, 0.7757705227077565, 0.0015801912486463126, 0.1, 44.0, 97, 0.46590113639831543, 0.7483084201812744, 0.39802080392837524, 0.47983038425445557, 0.7500004768371582, 0.41659411787986755, 36.69199776649475
45, 5, 0.7757705227077565, 0.0015801912486463126, 0.1, 44.0, 173, 0.4196244478225708, 0.8107253313064575, 0.4620080292224884, 0.5114798545837402, 0.8009403944015503, 0.5948805809020996, 34.56297993659973
45, 9, 0.7757705227077565, 0.0015801912486463126, 0.1, 44.0, 78, 0.396566241979599, 0.8343998193740845, 0.4314557909965515, 0.4093570113182068, 0.8115666508674622, 0.5439723134040833, 36.655999183654785
46, 3, 0.8453725784687544, 0.004434653884988299, 0.3, 58.0, 93, 0.4785248637199402, 0.754561722278595, 0.4150955080986023, 0.4625771641731262, 0.7885576486587524, 0.40585386753082275, 38.291980504989624
46, 5, 0.8453725784687544, 0.004434653884988299, 0.3, 58.0, 160, 0.4212242066860199, 0.7941309809684753, 0.46216100454330444, 0.49860113859176636, 0.8087772727012634, 0.6454119682312012, 37.05298137664795
46, 9, 0.8453725784687544, 0.004434653884988299, 0.3, 58.0, 79, 0.3823099732398987, 0.8430150747299194, 0.46390411257743835, 0.3830569088459015, 0.8292904496192932, 0.6047322154045105, 38.18897986412048
47, 3, 0.8654870203512205, 0.006308560941258599, 0.4, 30.0, 61, 0.46869468688964844, 0.7592516541481018, 0.4672691822052002, 0.4728321135044098, 0.7848263382911682, 0.4373799264431, 34.74900150299072
47, 5, 0.8654870203512205, 0.006308560941258599, 0.4, 30.0, 135, 0.4651094675064087, 0.7837895750999451, 0.5606877207756042, 0.501709520816803, 0.7978055477142334, 0.656818687915802, 33.02998113632202
47, 9, 0.8654870203512205, 0.006308560941258599, 0.4, 30.0, 166, 0.37510859966278076, 0.8366334438323975, 0.4285830557346344, 0.39449936151504517, 0.8423501253128052, 0.5989060997962952, 34.225996017456055
48, 3, 0.818145159728662, 0.008118499222590251, 0, 24.0, 113, 0.4922398626804352, 0.7464845776557922, 0.49737992882728577, 0.4432591497898102, 0.7910451889038086, 0.5004013180732727, 34.14099836349487
48, 5, 0.818145159728662, 0.008118499222590251, 0, 24.0, 57, 0.44791048765182495, 0.7823465466499329, 0.4526830315589905, 0.47974133491516113, 0.836990475654602, 0.6862846612930298, 31.88599920272827
48, 9, 0.818145159728662, 0.008118499222590251, 0, 24.0, 80, 0.3713177442550659, 0.8493967652320862, 0.4350586235523224, 0.3899887502193451, 0.84328293800354, 0.5922635197639465, 33.07497835159302
49, 3, 0.756825464331002, 0.002658144119557691, 0.1, 48.0, 76, 0.4747103154659271, 0.7457029223442078, 0.4265313148498535, 0.45720401406288147, 0.7960203886032104, 0.4030637741088867, 37.79042148590088
49, 5, 0.756825464331002, 0.002658144119557691, 0.1, 48.0, 175, 0.42577022314071655, 0.7977384924888611, 0.4629794657230377, 0.4646317660808563, 0.8181816935539246, 0.6440046429634094, 35.90000033378601
49, 9, 0.756825464331002, 0.002658144119557691, 0.1, 48.0, 146, 0.37906697392463684, 0.8391860127449036, 0.5142443180084229, 0.45587602257728577, 0.7957084774971008, 0.6193655133247375, 37.46000051498413
50, 3, 0.9089861456616903, 0.0008684446270694825, 0.4, 40.0, 197, 0.47704172134399414, 0.7490900754928589, 0.33662375807762146, 0.4874672293663025, 0.7611944675445557, 0.2666967511177063, 36.08300042152405
50, 5, 0.9089861456616903, 0.0008684446270694825, 0.4, 40.0, 83, 0.47159186005592346, 0.77152419090271, 0.38388678431510925, 0.5191096663475037, 0.7915359735488892, 0.4381125867366791, 34.57093024253845
50, 9, 0.9089861456616903, 0.0008684446270694825, 0.4, 40.0, 103, 0.4216603636741638, 0.8187647461891174, 0.38135626912117004, 0.4069768190383911, 0.8115666508674622, 0.5226477384567261, 36.04800081253052
51, 3, 0.7343304102978285, 0.000574553440861862, 0.3, 44.0, 198, 0.4443073570728302, 0.7777510285377502, 0.4023343622684479, 0.48292917013168335, 0.7922890186309814, 0.44786861538887024, 37.099000215530396
51, 5, 0.7343304102978285, 0.000574553440861862, 0.3, 44.0, 109, 0.45544785261154175, 0.7705621719360352, 0.42814159393310547, 0.5332934856414795, 0.813479483127594, 0.552035391330719, 35.258981227874756
51, 9, 0.7343304102978285, 0.000574553440861862, 0.3, 44.0, 185, 0.40844762325286865, 0.8146167397499084, 0.43703964352607727, 0.44427093863487244, 0.794775664806366, 0.5302569270133972, 36.809980154037476
52, 3, 0.7144795614232379, 0.00038213182957220603, 0, 36.0, 183, 0.4677512049674988, 0.7516956329345703, 0.3774831295013428, 0.47555631399154663, 0.769900918006897, 0.45103394985198975, 35.58200025558472
52, 5, 0.7144795614232379, 0.00038213182957220603, 0, 36.0, 177, 0.44594499468803406, 0.7804226279258728, 0.4277206361293793, 0.5544759631156921, 0.7742946147918701, 0.4826333820819855, 34.09198069572449
52, 9, 0.7144795614232379, 0.00038213182957220603, 0, 36.0, 197, 0.41919758915901184, 0.8219556212425232, 0.40673983097076416, 0.4392739236354828, 0.7854472994804382, 0.5045964121818542, 35.34300112724304
53, 3, 0.7878203741257549, 0.0017836597565697996, 0.4, 56.0, 94, 0.5109224319458008, 0.7464845776557922, 0.491551011800766, 0.47866201400756836, 0.7972641587257385, 0.567207932472229, 38.323999643325806
53, 5, 0.7878203741257549, 0.0017836597565697996, 0.4, 56.0, 187, 0.44197046756744385, 0.7873970866203308, 0.4552137553691864, 0.503343939781189, 0.8087772727012634, 0.65067458152771, 36.760000467300415
53, 9, 0.7878203741257549, 0.0017836597565697996, 0.4, 56.0, 89, 0.4129515588283539, 0.8139785528182983, 0.3868686854839325, 0.4079155921936035, 0.8348874449729919, 0.5379685163497925, 38.296979904174805
54, 3, 0.8141726377950658, 0.004952366678369418, 0.2, 32.0, 199, 0.4817078709602356, 0.7571672201156616, 0.4754929542541504, 0.45797061920166016, 0.7860701084136963, 0.4218239188194275, 34.71700119972229
54, 5, 0.8141726377950658, 0.004952366678369418, 0.2, 32.0, 66, 0.4449629783630371, 0.7878780961036682, 0.4469594657421112, 0.47407734394073486, 0.8291534781455994, 0.6608500480651855, 32.95697999000549
54, 9, 0.8141726377950658, 0.004952366678369418, 0.2, 32.0, 115, 0.3393346071243286, 0.8647127151489258, 0.5234326720237732, 0.41076111793518066, 0.8246262669563293, 0.649071991443634, 34.47999954223633
55, 3, 0.8354143183965932, 0.0013089405511677633, 0.4, 54.0, 122, 0.4853985905647278, 0.7368440628051758, 0.416133314371109, 0.44801202416419983, 0.7835825085639954, 0.4368909001350403, 37.97398066520691
55, 5, 0.8354143183965932, 0.0013089405511677633, 0.4, 54.0, 148, 0.47578224539756775, 0.7710432410240173, 0.41586998105049133, 0.48058298230171204, 0.7962381839752197, 0.5539423227310181, 37.01797914505005
55, 9, 0.8354143183965932, 0.0013089405511677633, 0.4, 54.0, 55, 0.43329906463623047, 0.8069586753845215, 0.4357041120529175, 0.4235369563102722, 0.791044294834137, 0.5150339007377625, 37.9079806804657
56, 3, 0.8592324080594466, 0.00023444078949509778, 0.1, 60.0, 198, 0.4951789975166321, 0.737365186214447, 0.3912971019744873, 0.47977960109710693, 0.7649258375167847, 0.4641139507293701, 38.91398239135742
56, 5, 0.8592324080594466, 0.00023444078949509778, 0.1, 60.0, 51, 0.6300384402275085, 0.7296774983406067, 0.47090885043144226, 0.5917128920555115, 0.8338556289672852, 0.5348663926124573, 37.67900204658508
56, 9, 0.8592324080594466, 0.00023444078949509778, 0.1, 60.0, 51, 0.6020613312721252, 0.7319742441177368, 0.3719172179698944, 0.6221375465393066, 0.7574623227119446, 0.49701908230781555, 39.069000482559204
57, 3, 0.7685397390080356, 0.0034450490582921323, 0.2, 42.0, 84, 0.5031183362007141, 0.7352806925773621, 0.46952715516090393, 0.45154574513435364, 0.7898014783859253, 0.5243563055992126, 36.56399893760681
57, 5, 0.7685397390080356, 0.0034450490582921323, 0.2, 42.0, 200, 0.5450800657272339, 0.7619042992591858, 0.3812437355518341, 0.4721806049346924, 0.813479483127594, 0.6823516488075256, 34.64798069000244
57, 9, 0.7685397390080356, 0.0034450490582921323, 0.2, 42.0, 109, 0.3525799512863159, 0.8487585783004761, 0.5350627899169922, 0.4570579528808594, 0.812499463558197, 0.6209755539894104, 35.992000579833984
58, 3, 0.7442877992654452, 0.008170470827519791, 0.4, 50.0, 59, 0.5253111124038696, 0.7183447480201721, 0.3034023642539978, 0.4934341609477997, 0.7798511385917664, 0.4035171568393707, 37.178980588912964
58, 5, 0.7442877992654452, 0.008170470827519791, 0.4, 50.0, 109, 0.4474292993545532, 0.7852325439453125, 0.4598829746246338, 0.5020982027053833, 0.7946707606315613, 0.6220211386680603, 36.426979064941406
58, 9, 0.7442877992654452, 0.008170470827519791, 0.4, 50.0, 176, 0.3573634624481201, 0.8516303300857544, 0.48721516132354736, 0.3941658139228821, 0.8470142483711243, 0.6079226136207581, 37.49799942970276
59, 3, 0.89900665315917, 0.009860039208848094, 0.3, 52.0, 152, 0.484852135181427, 0.7516956329345703, 0.5177850127220154, 0.45629727840423584, 0.7885576486587524, 0.567390501499176, 37.934980154037476
59, 5, 0.89900665315917, 0.009860039208848094, 0.3, 52.0, 98, 0.4366912245750427, 0.7946119904518127, 0.46580415964126587, 0.4780433475971222, 0.813479483127594, 0.6407628059387207, 36.39798045158386
59, 9, 0.89900665315917, 0.009860039208848094, 0.3, 52.0, 69, 0.39787665009498596, 0.826103687286377, 0.4240511953830719, 0.38782697916030884, 0.8404844403266907, 0.5880686640739441, 37.99700045585632
60, 3, 0.7063840302517328, 0.0065999487067084, 0.4, 58.0, 62, 0.5093445777893066, 0.7295486330986023, 0.34409549832344055, 0.5097088813781738, 0.781095027923584, 0.451577365398407, 39.64198040962219
60, 5, 0.7063840302517328, 0.0065999487067084, 0.4, 58.0, 120, 0.43764737248420715, 0.7907640337944031, 0.47141578793525696, 0.4770597219467163, 0.8228839039802551, 0.6668028235435486, 36.85895657539368
60, 9, 0.7063840302517328, 0.0065999487067084, 0.4, 58.0, 177, 0.3852348327636719, 0.8391860723495483, 0.4397457540035248, 0.3757493197917938, 0.856342613697052, 0.5990641713142395, 38.2059805393219
61, 3, 0.7263831210151261, 0.0010401958527404844, 0, 46.0, 186, 0.4909495711326599, 0.744139552116394, 0.42073962092399597, 0.46292734146118164, 0.7935327887535095, 0.39600831270217896, 38.518983602523804
61, 5, 0.7263831210151261, 0.0010401958527404844, 0, 46.0, 199, 0.44863638281822205, 0.7804226279258728, 0.4067104458808899, 0.5005819201469421, 0.7993729114532471, 0.5462815165519714, 36.6730010509491
61, 9, 0.7263831210151261, 0.0010401958527404844, 0, 46.0, 79, 0.41873058676719666, 0.8152548670768738, 0.37902188301086426, 0.41321861743927, 0.8059696555137634, 0.5258949398994446, 37.39318585395813
62, 3, 0.8783119977591997, 0.001886032830505281, 0.4, 38.0, 98, 0.4785028100013733, 0.7490900754928589, 0.4071737825870514, 0.45141535997390747, 0.7798512578010559, 0.34925851225852966, 36.59099817276001
62, 5, 0.8783119977591997, 0.001886032830505281, 0.4, 38.0, 176, 0.4524509608745575, 0.788840115070343, 0.42829373478889465, 0.4979434311389923, 0.8025076985359192, 0.5638362169265747, 34.308998346328735
62, 9, 0.8783119977591997, 0.001886032830505281, 0.4, 38.0, 175, 0.39924973249435425, 0.8347189426422119, 0.514456570148468, 0.40981993079185486, 0.8414173126220703, 0.5542920231819153, 36.176995515823364
63, 3, 0.9449682390082622, 0.00011393456319794203, 0.2, 50.0, 73, 0.6708483695983887, 0.7430974245071411, 0.49667108058929443, 0.6676188707351685, 0.7823387980461121, 0.6009928584098816, 37.864999294281006
63, 5, 0.9449682390082622, 0.00011393456319794203, 0.2, 50.0, 105, 0.6405990719795227, 0.7253485918045044, 0.40393519401550293, 0.618050217628479, 0.826018750667572, 0.6146330833435059, 36.801000356674194
63, 9, 0.9449682390082622, 0.00011393456319794203, 0.2, 50.0, 101, 0.61580491065979, 0.7530336976051331, 0.36794790625572205, 0.6317524909973145, 0.7826488018035889, 0.5379523634910583, 39.3120014667511
64, 3, 0.8006909673789777, 0.0023507425919456347, 0.4, 42.0, 130, 0.45246824622154236, 0.7602939009666443, 0.5136494636535645, 0.4676143229007721, 0.781095027923584, 0.3736657202243805, 36.382996797561646
64, 5, 0.8006909673789777, 0.0023507425919456347, 0.4, 42.0, 177, 0.41596341133117676, 0.8023079037666321, 0.4596090614795685, 0.5364171266555786, 0.7476488351821899, 0.6132714152336121, 34.913721799850464
64, 9, 0.8006909673789777, 0.0023507425919456347, 0.4, 42.0, 140, 0.38267046213150024, 0.8359952569007874, 0.6018925309181213, 0.4418998956680298, 0.8134322762489319, 0.6157324910163879, 37.23700022697449
65, 3, 0.7538056642574141, 0.003051042985824663, 0.1, 28.0, 175, 0.4763520061969757, 0.7665472030639648, 0.5731244683265686, 0.44552847743034363, 0.8072144389152527, 0.378175288438797, 34.51199793815613
65, 5, 0.7538056642574141, 0.003051042985824663, 0.1, 28.0, 177, 0.46471160650253296, 0.7777771353721619, 0.38494837284088135, 0.5159709453582764, 0.7680249810218811, 0.6180589199066162, 33.55200004577637
65, 9, 0.7538056642574141, 0.003051042985824663, 0.1, 28.0, 122, 0.37723928689956665, 0.8433341383934021, 0.44275081157684326, 0.4207393527030945, 0.8227605819702148, 0.5752004384994507, 34.226980447769165
66, 3, 0.7675638983682717, 0.0033861937284962815, 0.2, 42.0, 84, 0.4827607572078705, 0.7417945861816406, 0.4223514497280121, 0.4778522849082947, 0.7885576486587524, 0.43461042642593384, 36.0849986076355
66, 5, 0.7675638983682717, 0.0033861937284962815, 0.2, 42.0, 169, 0.4257204830646515, 0.8013458847999573, 0.5249444246292114, 0.5185704231262207, 0.7868337631225586, 0.6230943202972412, 35.16600060462952
66, 9, 0.7675638983682717, 0.0033861937284962815, 0.2, 42.0, 183, 0.34668606519699097, 0.8576928973197937, 0.4950554370880127, 0.4271756410598755, 0.8358202576637268, 0.6088783740997314, 36.3770010471344
67, 3, 0.772240245393316, 0.004084623008904014, 0.2, 48.0, 119, 0.46209192276000977, 0.7582094669342041, 0.44663503766059875, 0.4626789093017578, 0.7885576486587524, 0.4568287134170532, 38.54238677024841
67, 5, 0.772240245393316, 0.004084623008904014, 0.2, 48.0, 178, 0.41568267345428467, 0.7941309809684753, 0.44590431451797485, 0.4733649492263794, 0.8181816935539246, 0.6427565217018127, 36.293994188308716
67, 9, 0.772240245393316, 0.004084623008904014, 0.2, 48.0, 200, 0.4040621519088745, 0.8248273134231567, 0.440339595079422, 0.3893182873725891, 0.8386186957359314, 0.5942904949188232, 37.4370014667511
68, 3, 0.7853046676635266, 0.0013682460820565706, 0.2, 36.0, 90, 0.4792758822441101, 0.7446607351303101, 0.38923925161361694, 0.4620247781276703, 0.7848262786865234, 0.3425067663192749, 36.381999492645264
68, 5, 0.7853046676635266, 0.0013682460820565706, 0.2, 36.0, 153, 0.4481622278690338, 0.7811441421508789, 0.4528067409992218, 0.4980655014514923, 0.8040750622749329, 0.6438730955123901, 33.94699835777283
68, 9, 0.7853046676635266, 0.0013682460820565706, 0.2, 36.0, 70, 0.4344062805175781, 0.808873176574707, 0.416216105222702, 0.4517606198787689, 0.7938428521156311, 0.5363110303878784, 35.89699912071228
69, 3, 0.8230392991189954, 0.005339876247253131, 0.2, 26.0, 170, 0.46818843483924866, 0.7670683860778809, 0.4541780948638916, 0.5893213152885437, 0.771144688129425, 0.4127928912639618, 34.13999915122986
69, 5, 0.8230392991189954, 0.005339876247253131, 0.2, 26.0, 54, 0.4399178624153137, 0.7895615100860596, 0.4940688908100128, 0.49740615487098694, 0.7868337631225586, 0.6473063230514526, 33.06600093841553
69, 9, 0.8230392991189954, 0.005339876247253131, 0.2, 26.0, 150, 0.3796934485435486, 0.8375906348228455, 0.4898053705692291, 0.3964017927646637, 0.8292904496192932, 0.6388432383537292, 34.08099889755249
70, 3, 0.8073695652632332, 0.0034798001745722867, 0.2, 56.0, 197, 0.5155243873596191, 0.7368440628051758, 0.532268762588501, 0.4566720128059387, 0.7910453081130981, 0.5707376003265381, 38.47399711608887
70, 5, 0.8073695652632332, 0.0034798001745722867, 0.2, 56.0, 176, 0.41861146688461304, 0.7943714261054993, 0.4817639887332916, 0.4853256642818451, 0.8025076985359192, 0.659796953201294, 38.02898168563843
70, 9, 0.8073695652632332, 0.0034798001745722867, 0.2, 56.0, 82, 0.3658064007759094, 0.8478013277053833, 0.4415649175643921, 0.4106242060661316, 0.8208949565887451, 0.5703475475311279, 38.224997997283936
71, 3, 0.7380558533643664, 0.008567108631545561, 0.2, 32.0, 193, 0.49624472856521606, 0.7571672201156616, 0.5097096562385559, 0.45419174432754517, 0.7860701084136963, 0.5169121026992798, 34.99599814414978
71, 5, 0.7380558533643664, 0.008567108631545561, 0.2, 32.0, 160, 0.43330836296081543, 0.7890805602073669, 0.4926646053791046, 0.4646949768066406, 0.8510971069335938, 0.6940910816192627, 34.52889633178711
71, 9, 0.7380558533643664, 0.008567108631545561, 0.2, 32.0, 119, 0.3735237121582031, 0.8420578837394714, 0.4471276104450226, 0.38234007358551025, 0.8414173126220703, 0.580470085144043, 34.703999519348145
72, 3, 0.7477730882009863, 0.002864049233316102, 0.2, 54.0, 157, 0.4691835641860962, 0.7597728371620178, 0.4441264271736145, 0.456371545791626, 0.7873138189315796, 0.4142470061779022, 37.97899770736694
72, 5, 0.7477730882009863, 0.002864049233316102, 0.2, 54.0, 169, 0.4604916572570801, 0.7797011137008667, 0.41007235646247864, 0.48627007007598877, 0.7805641889572144, 0.6455249190330505, 36.655001163482666
72, 9, 0.7477730882009863, 0.002864049233316102, 0.2, 54.0, 166, 0.35509833693504333, 0.8519493937492371, 0.5094342231750488, 0.4644155502319336, 0.8423501253128052, 0.650317907333374, 38.20699691772461
73, 3, 0.794326951588082, 0.007064488304535359, 0.4, 20.0, 70, 0.511325478553772, 0.7326751947402954, 0.40252798795700073, 0.4472779333591461, 0.7960203886032104, 0.48659548163414, 33.86700129508972
73, 5, 0.794326951588082, 0.007064488304535359, 0.4, 20.0, 122, 0.4248065650463104, 0.7972574234008789, 0.4847509562969208, 0.46782493591308594, 0.836990475654602, 0.6692622303962708, 31.355000019073486
73, 9, 0.794326951588082, 0.007064488304535359, 0.4, 20.0, 169, 0.30329635739326477, 0.8790714144706726, 0.4770568311214447, 0.458159863948822, 0.812499463558197, 0.591022789478302, 32.6630003452301
74, 3, 0.7610251135909059, 0.002313620163223433, 0.2, 40.0, 56, 0.49891212582588196, 0.721731960773468, 0.391071617603302, 0.4655681848526001, 0.7661696076393127, 0.325233519077301, 36.26800084114075
74, 5, 0.7610251135909059, 0.002313620163223433, 0.2, 40.0, 116, 0.413363516330719, 0.7999029159545898, 0.4608348608016968, 0.49142754077911377, 0.7931033372879028, 0.5750901103019714, 34.639997720718384
74, 9, 0.7610251135909059, 0.002313620163223433, 0.2, 40.0, 197, 0.33118975162506104, 0.8592883348464966, 0.5298522114753723, 0.3978131413459778, 0.8227605819702148, 0.5427218079566956, 36.68699860572815
75, 3, 0.7101967197617356, 0.006016241730109181, 0.3, 46.0, 150, 0.5033972263336182, 0.7524772882461548, 0.4728223979473114, 0.4538654386997223, 0.7985079288482666, 0.44098466634750366, 37.39700365066528
75, 5, 0.7101967197617356, 0.006016241730109181, 0.3, 46.0, 141, 0.47233736515045166, 0.7744101285934448, 0.5323647260665894, 0.4700697958469391, 0.8087772727012634, 0.6844863891601562, 36.438995599746704
75, 9, 0.7101967197617356, 0.006016241730109181, 0.3, 46.0, 69, 0.38860034942626953, 0.8398242592811584, 0.42996060848236084, 0.3757191300392151, 0.8479470610618591, 0.5709860324859619, 38.099997758865356
76, 3, 0.7226710857379599, 0.004326548488148564, 0.4, 38.0, 146, 0.4786040186882019, 0.7467451095581055, 0.3799959123134613, 0.4792468547821045, 0.7761198878288269, 0.3828469216823578, 36.34099841117859
76, 5, 0.7226710857379599, 0.004326548488148564, 0.4, 38.0, 188, 0.429448664188385, 0.7881185412406921, 0.461312472820282, 0.4854823350906372, 0.819749116897583, 0.6639331579208374, 35.30799746513367
76, 9, 0.7226710857379599, 0.004326548488148564, 0.4, 38.0, 139, 0.35780972242355347, 0.8509920835494995, 0.4632795453071594, 0.42708471417427063, 0.8339546322822571, 0.5787795782089233, 35.97499871253967
77, 3, 0.7825540324062044, 0.005103346651303397, 0, 44.0, 68, 0.48527249693870544, 0.7566461563110352, 0.41182252764701843, 0.463182657957077, 0.7985079288482666, 0.3830971121788025, 36.56099796295166
77, 5, 0.7825540324062044, 0.005103346651303397, 0, 44.0, 101, 0.4371432065963745, 0.7861945629119873, 0.48156461119651794, 0.4971455931663513, 0.7946707606315613, 0.6457896828651428, 36.071998596191406
77, 9, 0.7825540324062044, 0.005103346651303397, 0, 44.0, 196, 0.390607625246048, 0.8289754390716553, 0.5789560675621033, 0.36045315861701965, 0.8367530703544617, 0.6382473111152649, 37.10899901390076
78, 3, 0.8318797137491236, 0.0019967106546073324, 0.4, 22.0, 154, 0.47379833459854126, 0.7579489350318909, 0.43726062774658203, 0.46770158410072327, 0.808458149433136, 0.47553014755249023, 34.27800154685974
78, 5, 0.8318797137491236, 0.0019967106546073324, 0.4, 22.0, 105, 0.4470396637916565, 0.7936499714851379, 0.46956542134284973, 0.48915743827819824, 0.8072099089622498, 0.5481187105178833, 32.146998167037964
78, 9, 0.8318797137491236, 0.0019967106546073324, 0.4, 22.0, 187, 0.331557035446167, 0.8525875806808472, 0.584830105304718, 0.40498489141464233, 0.8358202576637268, 0.5603598356246948, 33.104981660842896
79, 3, 0.7163392573252224, 0.008880944073861361, 0.2, 52.0, 151, 0.4862932562828064, 0.7532589435577393, 0.4803670644760132, 0.43712276220321655, 0.7972641587257385, 0.48709890246391296, 37.78899669647217
79, 5, 0.7163392573252224, 0.008880944073861361, 0.2, 52.0, 145, 0.44295358657836914, 0.7854729890823364, 0.5058497190475464, 0.4633414149284363, 0.8244513273239136, 0.678681492805481, 36.63999795913696
79, 9, 0.7163392573252224, 0.008880944073861361, 0.2, 52.0, 158, 0.36439692974090576, 0.8500348925590515, 0.4455186724662781, 0.3062148690223694, 0.8796634078025818, 0.5918694138526917, 38.357996463775635
80, 3, 0.7667773051317466, 0.0006297478139796512, 0.4, 32.0, 166, 0.5030602216720581, 0.7274641394615173, 0.4256241023540497, 0.49484413862228394, 0.7649258971214294, 0.380581259727478, 34.516000509262085
80, 5, 0.7667773051317466, 0.0006297478139796512, 0.4, 32.0, 124, 0.45646604895591736, 0.7953334450721741, 0.4158034026622772, 0.5286858081817627, 0.7993729710578918, 0.4421890079975128, 32.89200139045715
80, 9, 0.7667773051317466, 0.0006297478139796512, 0.4, 32.0, 159, 0.40987515449523926, 0.8219556212425232, 0.3941335380077362, 0.4121694564819336, 0.8134322762489319, 0.5287782549858093, 34.81399750709534
81, 3, 0.7940427340106474, 0.0004442796551071014, 0.1, 60.0, 173, 0.4868813157081604, 0.7673287987709045, 0.396431565284729, 0.4805138111114502, 0.7848263382911682, 0.5093448758125305, 39.232001066207886
81, 5, 0.7940427340106474, 0.0004442796551071014, 0.1, 60.0, 191, 0.4361259937286377, 0.8047128915786743, 0.47280293703079224, 0.5587229132652283, 0.7884011268615723, 0.5110564827919006, 37.04499888420105
81, 9, 0.7940427340106474, 0.0004442796551071014, 0.1, 60.0, 135, 0.4203396439552307, 0.8187648057937622, 0.39711910486221313, 0.41761815547943115, 0.8041039705276489, 0.5203400254249573, 38.813982009887695
82, 3, 0.7000174258509881, 0.0015158999043450823, 0.3, 58.0, 116, 0.4799857437610626, 0.7430974245071411, 0.44107887148857117, 0.471149206161499, 0.773632287979126, 0.4448048770427704, 39.07799816131592
82, 5, 0.7000174258509881, 0.0015158999043450823, 0.3, 58.0, 193, 0.4286036789417267, 0.7950929999351501, 0.4997020959854126, 0.5244776010513306, 0.7758619785308838, 0.599162757396698, 36.79698133468628
82, 9, 0.7000174258509881, 0.0015158999043450823, 0.3, 58.0, 178, 0.36310917139053345, 0.8359951972961426, 0.4655628502368927, 0.5021196603775024, 0.8013054728507996, 0.5626682639122009, 38.48198103904724
83, 3, 0.7328806053245455, 0.0037299048896334676, 0.4, 34.0, 124, 0.48479294776916504, 0.7485689520835876, 0.42379897832870483, 0.4668193459510803, 0.774876058101654, 0.3460007905960083, 35.28600311279297
83, 5, 0.7328806053245455, 0.0037299048896334676, 0.4, 34.0, 134, 0.43354669213294983, 0.7857135534286499, 0.4977664649486542, 0.49471595883369446, 0.8150469064712524, 0.6553205847740173, 33.60300040245056
83, 9, 0.7328806053245455, 0.0037299048896334676, 0.4, 34.0, 170, 0.3306818902492523, 0.8746042847633362, 0.4773622453212738, 0.4384111762046814, 0.8283576369285583, 0.631869912147522, 34.8189857006073
84, 3, 0.8523962002794725, 0.0011464692819582645, 0, 54.0, 176, 0.4788516163825989, 0.7550827860832214, 0.4416119158267975, 0.4707554876804352, 0.7686571478843689, 0.45174235105514526, 38.8129985332489
84, 5, 0.8523962002794725, 0.0011464692819582645, 0, 54.0, 149, 0.42807701230049133, 0.8056748509407043, 0.48973241448402405, 0.4576486051082611, 0.8275861740112305, 0.5627529621124268, 36.57800006866455
84, 9, 0.8523962002794725, 0.0011464692819582645, 0, 54.0, 167, 0.4038209319114685, 0.8232319951057434, 0.5034369826316833, 0.37732648849487305, 0.8330218195915222, 0.5463932156562805, 38.52742290496826
85, 3, 0.8389596397509774, 0.0007151309737217822, 0.2, 60.0, 107, 0.4900345206260681, 0.7569066882133484, 0.42017045617103577, 0.485371857881546, 0.7798512578010559, 0.5102347731590271, 39.74700117111206
85, 5, 0.8389596397509774, 0.0007151309737217822, 0.2, 60.0, 192, 0.42825210094451904, 0.7960549592971802, 0.4410068392753601, 0.5232100486755371, 0.7868337631225586, 0.4574371874332428, 37.35099959373474
85, 9, 0.8389596397509774, 0.0007151309737217822, 0.2, 60.0, 159, 0.3823951780796051, 0.8490776419639587, 0.48201701045036316, 0.43176496028900146, 0.7901114821434021, 0.5369834303855896, 38.67200183868408
86, 3, 0.9270995554930089, 0.0009291248318888936, 0.4, 26.0, 63, 0.5249717235565186, 0.7162603735923767, 0.43263041973114014, 0.48988988995552063, 0.732587456703186, 0.3601131737232208, 34.594001054763794
86, 5, 0.9270995554930089, 0.0009291248318888936, 0.4, 26.0, 169, 0.4536958336830139, 0.7861945629119873, 0.47078701853752136, 0.5184075236320496, 0.7852663397789001, 0.5481882095336914, 32.87200117111206
86, 9, 0.9270995554930089, 0.0009291248318888936, 0.4, 26.0, 197, 0.38014811277389526, 0.8379097580909729, 0.4727398157119751, 0.416657030582428, 0.8069024682044983, 0.49958932399749756, 34.66098070144653
87, 3, 0.9701013175507187, 0.007241927659248486, 0.1, 56.0, 166, 0.44138389825820923, 0.777229905128479, 0.4989778697490692, 0.46496856212615967, 0.7549755573272705, 0.4834720194339752, 38.33500051498413
87, 5, 0.9701013175507187, 0.007241927659248486, 0.1, 56.0, 177, 0.42817482352256775, 0.7994219660758972, 0.5349813103675842, 0.5165843963623047, 0.7978055477142334, 0.6145029664039612, 36.83799910545349
87, 9, 0.9701013175507187, 0.007241927659248486, 0.1, 56.0, 161, 0.34619200229644775, 0.8490776419639587, 0.434902548789978, 0.4036186933517456, 0.8544769287109375, 0.6033293604850769, 39.325000524520874
88, 3, 0.8145498646409642, 0.0045998395859463475, 0.4, 40.0, 165, 0.46462056040763855, 0.7613361477851868, 0.4791451692581177, 0.4554450213909149, 0.7860701084136963, 0.45945829153060913, 36.2039999961853
88, 5, 0.8145498646409642, 0.0045998395859463475, 0.4, 40.0, 78, 0.4395468533039093, 0.7917259931564331, 0.4615653455257416, 0.49899888038635254, 0.802507758140564, 0.6536545157432556, 34.59900093078613
88, 9, 0.8145498646409642, 0.0045998395859463475, 0.4, 40.0, 102, 0.37261658906936646, 0.8433341383934021, 0.4432641863822937, 0.4070272147655487, 0.8376858830451965, 0.5825850367546082, 36.74300026893616
89, 3, 0.7771033344328434, 0.002761852637178789, 0.3, 48.0, 184, 0.4699494540691376, 0.7524772882461548, 0.43812358379364014, 0.46944695711135864, 0.7786074280738831, 0.49461621046066284, 37.576000928878784
89, 5, 0.7771033344328434, 0.002761852637178789, 0.3, 48.0, 130, 0.45529451966285706, 0.7753721475601196, 0.43111860752105713, 0.4706718921661377, 0.813479483127594, 0.6906070113182068, 37.233999490737915
89, 9, 0.7771033344328434, 0.002761852637178789, 0.3, 48.0, 140, 0.3980324864387512, 0.8315281271934509, 0.47077643871307373, 0.4453003406524658, 0.82182776927948, 0.5440465807914734, 37.83899903297424
90, 3, 0.7487374091366196, 0.003281298175398183, 0.4, 42.0, 116, 0.4836992919445038, 0.7535194754600525, 0.4532642960548401, 0.4720135033130646, 0.7898014187812805, 0.401143342256546, 36.239999532699585
90, 5, 0.7487374091366196, 0.003281298175398183, 0.4, 42.0, 192, 0.4547727108001709, 0.7905235290527344, 0.39333945512771606, 0.5120072364807129, 0.771159827709198, 0.6654340624809265, 35.69900059700012
90, 9, 0.7487374091366196, 0.003281298175398183, 0.4, 42.0, 135, 0.30016034841537476, 0.8781141042709351, 0.5553088188171387, 0.61017906665802, 0.7789174318313599, 0.5731680989265442, 36.430999517440796
91, 3, 0.8259246528222082, 0.0059386879750985945, 0.2, 58.0, 106, 0.4995150566101074, 0.7472661733627319, 0.4393175542354584, 0.5046843886375427, 0.7686571478843689, 0.4681275188922882, 38.41399931907654
91, 5, 0.8259246528222082, 0.0059386879750985945, 0.2, 58.0, 152, 0.4289262294769287, 0.7835490107536316, 0.48971447348594666, 0.49801915884017944, 0.7884011268615723, 0.6254549622535706, 37.365999698638916
91, 9, 0.8259246528222082, 0.0059386879750985945, 0.2, 58.0, 54, 0.38473033905029297, 0.8455677032470703, 0.4158609211444855, 0.38958126306533813, 0.8414172530174255, 0.5622810125350952, 38.86500263214111
92, 3, 0.7387264538357351, 0.0024055898008795264, 0, 52.0, 82, 0.4996093511581421, 0.7394496202468872, 0.35881006717681885, 0.5276036262512207, 0.7587069272994995, 0.41169002652168274, 38.77799844741821
92, 5, 0.7387264538357351, 0.0024055898008795264, 0, 52.0, 164, 0.41612404584884644, 0.8039913773536682, 0.4676922857761383, 0.5038958787918091, 0.8322883248329163, 0.6270001530647278, 36.11200022697449
92, 9, 0.7387264538357351, 0.0024055898008795264, 0, 52.0, 158, 0.34351104497909546, 0.85418301820755, 0.5112690925598145, 0.44227004051208496, 0.8143650889396667, 0.6010658144950867, 37.814998388290405
93, 3, 0.7260720602445332, 0.009088272031758915, 0.4, 50.0, 104, 0.5445753335952759, 0.7186052799224854, 0.30250686407089233, 0.49224647879600525, 0.7860701084136963, 0.4604882299900055, 38.42400097846985
93, 5, 0.7260720602445332, 0.009088272031758915, 0.4, 50.0, 137, 0.6771259903907776, 0.7075517773628235, 0.2354373037815094, 0.521487832069397, 0.7836989164352417, 0.6619616150856018, 36.09000062942505
93, 9, 0.7260720602445332, 0.009088272031758915, 0.4, 50.0, 174, 0.402400940656662, 0.8225937485694885, 0.5300339460372925, 0.3987734317779541, 0.8330217599868774, 0.583355188369751, 37.59199786186218
94, 3, 0.7578371228157343, 0.0020524836650336067, 0.1, 54.0, 111, 0.48940277099609375, 0.7532589435577393, 0.4473409950733185, 0.46026134490966797, 0.7910453081130981, 0.3987700045108795, 39.00899910926819
94, 5, 0.7578371228157343, 0.0020524836650336067, 0.1, 54.0, 173, 0.48999515175819397, 0.771283745765686, 0.3866952359676361, 0.46963977813720703, 0.8244513273239136, 0.7012219429016113, 36.49164938926697
94, 9, 0.7578371228157343, 0.0020524836650336067, 0.1, 54.0, 190, 0.3237290382385254, 0.8602455258369446, 0.4848896265029907, 0.5141315460205078, 0.7873129844665527, 0.596386730670929, 38.32698059082031
95, 3, 0.8781883320270187, 0.0017887451574785317, 0.4, 30.0, 154, 0.46604079008102417, 0.7519562244415283, 0.48845964670181274, 0.45876437425613403, 0.7823387980461121, 0.5110684037208557, 34.79799556732178
95, 5, 0.8781883320270187, 0.0017887451574785317, 0.4, 30.0, 77, 0.4489367604255676, 0.7859540581703186, 0.45737963914871216, 0.4917576313018799, 0.8087772727012634, 0.5529675483703613, 33.09099626541138
95, 9, 0.8781883320270187, 0.0017887451574785317, 0.4, 30.0, 195, 0.3357364535331726, 0.8525875210762024, 0.5355437994003296, 0.47134071588516235, 0.8115666508674622, 0.5578109622001648, 35.19599628448486
96, 3, 0.8948774194706915, 0.007514637670301296, 0.2, 44.0, 195, 0.4723031520843506, 0.7576883435249329, 0.44798994064331055, 0.4806050658226013, 0.7922890186309814, 0.4403533935546875, 36.47700333595276
96, 5, 0.8948774194706915, 0.007514637670301296, 0.2, 44.0, 63, 0.45611533522605896, 0.7934094667434692, 0.4661919176578522, 0.5003777742385864, 0.7931033372879028, 0.6343480944633484, 35.18199944496155
96, 9, 0.8948774194706915, 0.007514637670301296, 0.2, 44.0, 104, 0.3682279884815216, 0.8446105122566223, 0.46337106823921204, 0.37985333800315857, 0.852611243724823, 0.5957654714584351, 36.889995098114014
97, 3, 0.8471027358380967, 0.004065149884881375, 0.3, 56.0, 86, 0.4736465811729431, 0.7649838924407959, 0.4702335596084595, 0.47418057918548584, 0.777363657951355, 0.4850161075592041, 38.620999574661255
97, 5, 0.8471027358380967, 0.004065149884881375, 0.3, 56.0, 118, 0.43020200729370117, 0.794371485710144, 0.4719091057777405, 0.4929252862930298, 0.8119121193885803, 0.6606613993644714, 37.775001525878906
97, 9, 0.8471027358380967, 0.004065149884881375, 0.3, 56.0, 148, 0.3700518012046814, 0.8478012681007385, 0.47939208149909973, 0.4079742133617401, 0.8339545726776123, 0.5535425543785095, 38.172996282577515
98, 3, 0.8056742066022111, 0.006378417913570028, 0.4, 46.0, 142, 0.48755207657814026, 0.752998411655426, 0.47492653131484985, 0.44203662872314453, 0.7873138189315796, 0.5845364928245544, 37.32099914550781
98, 5, 0.8056742066022111, 0.006378417913570028, 0.4, 46.0, 116, 0.42034587264060974, 0.7936499714851379, 0.47206711769104004, 0.5354796648025513, 0.7742946147918701, 0.6175970435142517, 36.67999887466431
98, 9, 0.8056742066022111, 0.006378417913570028, 0.4, 46.0, 86, 0.3792039155960083, 0.8347189426422119, 0.4527795612812042, 0.39391660690307617, 0.8376858830451965, 0.6593303680419922, 37.48921728134155
99, 3, 0.8081322502935833, 0.006331282451289139, 0.4, 50.0, 90, 0.48491573333740234, 0.7532589435577393, 0.48897477984428406, 0.4614337086677551, 0.7786074280738831, 0.42073795199394226, 37.691999673843384
99, 5, 0.8081322502935833, 0.006331282451289139, 0.4, 50.0, 175, 0.42195436358451843, 0.7919664978981018, 0.5075209736824036, 0.5312862992286682, 0.7774293422698975, 0.6286284327507019, 36.71999979019165
99, 9, 0.8081322502935833, 0.006331282451289139, 0.4, 50.0, 177, 0.3881518840789795, 0.83631432056427, 0.5209141373634338, 0.41695132851600647, 0.8451485633850098, 0.6028553247451782, 37.47900080680847
100, 3, 0.8570242059636943, 0.005369460900258555, 0.4, 46.0, 175, 0.49276623129844666, 0.7428367733955383, 0.4614018201828003, 0.4590147137641907, 0.7860701084136963, 0.44477158784866333, 38.1156587600708
100, 5, 0.8570242059636943, 0.005369460900258555, 0.4, 46.0, 60, 0.521967887878418, 0.7748911380767822, 0.4337538182735443, 0.4771473705768585, 0.8181816935539246, 0.6926315426826477, 35.6889808177948
100, 9, 0.8570242059636943, 0.005369460900258555, 0.4, 46.0, 151, 0.3189895749092102, 0.8647127151489258, 0.5464495420455933, 0.4130004644393921, 0.8395516276359558, 0.5990076661109924, 37.208996295928955
