model_id, fold, beta_1, lr, recurrent_dropout, lstm_units, tf_length, epoch, loss, acc, f1, val_loss, val_acc, val_f1, time
1, 3, 0.7328048537860504, 0.0002595287005180457, 0.2, 54.0, 30.0, 179, 0.38612696528434753, 0.8402838110923767, 0.48981964588165283, 0.4728541374206543, 0.7761198878288269, 0.5399290919303894, 38.36803221702576
1, 5, 0.7328048537860504, 0.0002595287005180457, 0.2, 54.0, 30.0, 99, 0.4468924105167389, 0.7982195019721985, 0.48755785822868347, 0.49698859453201294, 0.8009403347969055, 0.43614137172698975, 36.00899934768677
1, 9, 0.7328048537860504, 0.0002595287005180457, 0.2, 54.0, 30.0, 141, 0.3696938157081604, 0.8446104526519775, 0.5455602407455444, 0.4373297393321991, 0.84328293800354, 0.6388207674026489, 38.10899877548218
2, 3, 0.8514643430138349, 0.0018267915602362657, 0.2, 48.0, 50.0, 86, 0.3558112382888794, 0.8496638536453247, 0.6861388087272644, 0.4466272294521332, 0.7947765588760376, 0.5613347887992859, 38.71599626541138
2, 5, 0.8514643430138349, 0.0018267915602362657, 0.2, 48.0, 50.0, 171, 0.3540181517601013, 0.835015594959259, 0.5336243510246277, 0.5523104667663574, 0.7868337631225586, 0.5106079578399658, 36.55099844932556
2, 9, 0.8514643430138349, 0.0018267915602362657, 0.2, 48.0, 50.0, 125, 0.23367878794670105, 0.9157660007476807, 0.5626890659332275, 0.4563886523246765, 0.8376858830451965, 0.6543986797332764, 38.1969997882843
3, 3, 0.9170500290999992, 0.009880233573950948, 0.2, 36.0, 60.0, 84, 0.34105807542800903, 0.8582620620727539, 0.6148619055747986, 0.43055444955825806, 0.7860701084136963, 0.594967246055603, 37.507001876831055
3, 5, 0.9170500290999992, 0.009880233573950948, 0.2, 36.0, 60.0, 192, 0.26063960790634155, 0.88960862159729, 0.7053739428520203, 0.6828975677490234, 0.7617553472518921, 0.5433537364006042, 35.590999603271484
3, 9, 0.9170500290999992, 0.009880233573950948, 0.2, 36.0, 60.0, 69, 0.27605557441711426, 0.8809859752655029, 0.658717691898346, 0.4157569110393524, 0.8246262669563293, 0.6682673096656799, 37.69499754905701
4, 3, 0.7614818162798773, 0.005780308782428003, 0.1, 38.0, 60.0, 108, 0.42653730511665344, 0.8045880198478699, 0.5541201233863831, 0.5050178170204163, 0.7898014783859253, 0.629148006439209, 37.11698126792908
4, 5, 0.7614818162798773, 0.005780308782428003, 0.1, 38.0, 60.0, 54, 0.46293359994888306, 0.7919664978981018, 0.5426910519599915, 0.4488963782787323, 0.8166143298149109, 0.5506462454795837, 36.301000118255615
4, 9, 0.7614818162798773, 0.005780308782428003, 0.1, 38.0, 60.0, 87, 0.21061721444129944, 0.9192758202552795, 0.7021713852882385, 0.5816598534584045, 0.8059696555137634, 0.6524593234062195, 37.264000415802
5, 3, 0.9670845384986726, 0.009406941190338166, 0.4, 52.0, 20.0, 143, 0.4397905468940735, 0.7644627690315247, 0.541863739490509, 0.48307183384895325, 0.7835826277732849, 0.6056816577911377, 37.012001514434814
5, 5, 0.9670845384986726, 0.009406941190338166, 0.4, 52.0, 20.0, 109, 0.4199475944042206, 0.7958144545555115, 0.5564771890640259, 0.46877312660217285, 0.8275860548019409, 0.6590628623962402, 36.58998107910156
5, 9, 0.9670845384986726, 0.009406941190338166, 0.4, 52.0, 20.0, 116, 0.3511675000190735, 0.848120391368866, 0.6922435164451599, 0.3315812945365906, 0.84328293800354, 0.7482261657714844, 38.16800093650818
6, 3, 0.9784200812614501, 0.006165759110676487, 0.3, 50.0, 60.0, 77, 0.4653993844985962, 0.785306990146637, 0.4946296811103821, 0.44136106967926025, 0.7786074280738831, 0.478150337934494, 39.359999656677246
6, 5, 0.9784200812614501, 0.006165759110676487, 0.3, 50.0, 60.0, 70, 0.35591650009155273, 0.8342941403388977, 0.548484742641449, 0.5519436597824097, 0.727272629737854, 0.5622851252555847, 38.00600051879883
6, 9, 0.9784200812614501, 0.006165759110676487, 0.3, 50.0, 60.0, 51, 0.31505340337753296, 0.8710943460464478, 0.5205095410346985, 0.44962483644485474, 0.8022382855415344, 0.6461096405982971, 39.39699959754944
7, 3, 0.7263925573191407, 0.0005472808615286142, 0.3, 26.0, 30.0, 147, 0.4434829354286194, 0.7881731390953064, 0.4579688608646393, 0.4357742667198181, 0.7960203886032104, 0.487966388463974, 34.112000942230225
7, 5, 0.7263925573191407, 0.0005472808615286142, 0.3, 26.0, 30.0, 185, 0.5081304907798767, 0.7592588663101196, 0.4707394242286682, 0.4453223645687103, 0.813479483127594, 0.5247769951820374, 33.34100031852722
7, 9, 0.7263925573191407, 0.0005472808615286142, 0.3, 26.0, 30.0, 140, 0.3686552345752716, 0.844929575920105, 0.5155220627784729, 0.42500895261764526, 0.8320889472961426, 0.6316915154457092, 34.34999942779541
8, 3, 0.7018641427660673, 0.00021740370217335786, 0.1, 40.0, 80.0, 133, 0.3790169656276703, 0.8561776876449585, 0.484596312046051, 0.5273451805114746, 0.7500004172325134, 0.41976815462112427, 38.10699987411499
8, 5, 0.7018641427660673, 0.00021740370217335786, 0.1, 40.0, 80.0, 52, 0.4966711699962616, 0.7821061015129089, 0.38803404569625854, 0.5618487000465393, 0.7178682684898376, 0.387351393699646, 36.322999238967896
8, 9, 0.7018641427660673, 0.00021740370217335786, 0.1, 40.0, 80.0, 104, 0.3950519859790802, 0.8385478854179382, 0.4251490831375122, 0.43506401777267456, 0.8339546322822571, 0.6067134141921997, 38.574000120162964
9, 3, 0.7600837547655406, 0.00017723322399513811, 0.2, 36.0, 20.0, 52, 0.6171497106552124, 0.7381468415260315, 0.34990426898002625, 0.6052972674369812, 0.7848263382911682, 0.36310577392578125, 35.622000217437744
9, 5, 0.7600837547655406, 0.00017723322399513811, 0.2, 36.0, 20.0, 200, 0.4435732364654541, 0.7922070026397705, 0.4174368977546692, 0.4855155944824219, 0.8119121193885803, 0.389026015996933, 33.97700047492981
9, 9, 0.7600837547655406, 0.00017723322399513811, 0.2, 36.0, 20.0, 161, 0.4664851725101471, 0.8203601837158203, 0.5165808200836182, 0.49030160903930664, 0.8451485633850098, 0.6229780912399292, 37.05399250984192
10, 3, 0.9370279770215171, 0.002177706979620355, 0.4, 56.0, 20.0, 157, 0.40375301241874695, 0.7920814752578735, 0.5526629686355591, 0.46626219153404236, 0.8009954690933228, 0.598257839679718, 38.14199995994568
10, 5, 0.9370279770215171, 0.002177706979620355, 0.4, 56.0, 20.0, 102, 0.3988844156265259, 0.8140922784805298, 0.5613610148429871, 0.4321467876434326, 0.7962381839752197, 0.6249343156814575, 37.13399887084961
10, 9, 0.9370279770215171, 0.002177706979620355, 0.4, 56.0, 20.0, 167, 0.31145042181015015, 0.8487585186958313, 0.5472904443740845, 0.5041512250900269, 0.8320889472961426, 0.6795177459716797, 40.11778426170349
11, 3, 0.924615591595134, 0.0016252893230996595, 0, 58.0, 50.0, 96, 0.3987041711807251, 0.8212635517120361, 0.5777813196182251, 0.4438057541847229, 0.7898014187812805, 0.554653525352478, 40.412803173065186
11, 5, 0.924615591595134, 0.0016252893230996595, 0, 58.0, 50.0, 200, 0.24769321084022522, 0.9025954604148865, 0.7173446416854858, 0.6158401966094971, 0.7695924043655396, 0.5945355296134949, 38.33300042152405
11, 9, 0.924615591595134, 0.0016252893230996595, 0, 58.0, 50.0, 51, 0.3469756543636322, 0.8529065847396851, 0.544045627117157, 0.403634250164032, 0.8292904496192932, 0.6483330726623535, 41.49099802970886
12, 3, 0.7111186070076757, 0.00014667872250916566, 0.4, 24.0, 80.0, 192, 0.4432825446128845, 0.7933841943740845, 0.46747252345085144, 0.5102020502090454, 0.784826397895813, 0.34711289405822754, 36.35058236122131
12, 5, 0.7111186070076757, 0.00014667872250916566, 0.4, 24.0, 80.0, 174, 0.4489341974258423, 0.7974979877471924, 0.38311028480529785, 0.5338281989097595, 0.752350926399231, 0.35874953866004944, 34.72200083732605
12, 9, 0.7111186070076757, 0.00014667872250916566, 0.4, 24.0, 80.0, 198, 0.42234766483306885, 0.822912871837616, 0.398499995470047, 0.5110431909561157, 0.7966413497924805, 0.5621451139450073, 37.791998624801636
13, 3, 0.7859705883358518, 0.0007848051155758701, 0.4, 52.0, 70.0, 117, 0.32574039697647095, 0.8676419854164124, 0.49447277188301086, 0.5408437252044678, 0.815920889377594, 0.5230796337127686, 39.62097668647766
13, 5, 0.7859705883358518, 0.0007848051155758701, 0.4, 52.0, 70.0, 82, 0.35342204570770264, 0.841990053653717, 0.5429708957672119, 0.5710924863815308, 0.7539184093475342, 0.4762102961540222, 38.05298042297363
13, 9, 0.7859705883358518, 0.0007848051155758701, 0.4, 52.0, 70.0, 180, 0.21765688061714172, 0.9148087501525879, 0.7291664481163025, 0.5168503522872925, 0.825559139251709, 0.5876251459121704, 40.489999532699585
14, 3, 0.8456900678932056, 0.0017526442759249247, 0.3, 48.0, 30.0, 102, 0.4305576682090759, 0.7902575731277466, 0.525455117225647, 0.4331633448600769, 0.8134332895278931, 0.620381772518158, 37.825000286102295
14, 5, 0.8456900678932056, 0.0017526442759249247, 0.3, 48.0, 30.0, 54, 0.38721269369125366, 0.8234716653823853, 0.5341527462005615, 0.47424542903900146, 0.819749116897583, 0.5686431527137756, 36.180999994277954
14, 9, 0.8456900678932056, 0.0017526442759249247, 0.3, 48.0, 30.0, 198, 0.2082517445087433, 0.9199140667915344, 0.6713312268257141, 0.5195454359054565, 0.8330218195915222, 0.6153512001037598, 38.348998069763184
15, 3, 0.9038801756840624, 0.0007095680957937702, 0.2, 38.0, 40.0, 190, 0.383624404668808, 0.8374177813529968, 0.5579836368560791, 0.45096147060394287, 0.8047268390655518, 0.5077686309814453, 37.09200048446655
15, 5, 0.9038801756840624, 0.0007095680957937702, 0.2, 38.0, 40.0, 192, 0.37683185935020447, 0.8287627100944519, 0.6024612784385681, 0.48729535937309265, 0.8025076985359192, 0.5954405665397644, 35.30499887466431
15, 9, 0.9038801756840624, 0.0007095680957937702, 0.2, 38.0, 40.0, 85, 0.3118159770965576, 0.8784332871437073, 0.5649638175964355, 0.4192667603492737, 0.8180965185165405, 0.6317664980888367, 37.00000071525574
16, 3, 0.7580090528093125, 0.005274326394880992, 0.4, 54.0, 40.0, 95, 0.4330011010169983, 0.7959898114204407, 0.5342912673950195, 0.564252495765686, 0.7835826277732849, 0.6389462947845459, 39.545979738235474
16, 5, 0.7580090528093125, 0.005274326394880992, 0.4, 54.0, 40.0, 151, 0.2363497018814087, 0.9064434766769409, 0.7752737998962402, 0.5106993913650513, 0.8150469064712524, 0.6450814008712769, 37.58099865913391
16, 9, 0.7580090528093125, 0.005274326394880992, 0.4, 54.0, 40.0, 110, 0.26055020093917847, 0.8959828019142151, 0.642387330532074, 0.685623049736023, 0.7873129844665527, 0.6382999420166016, 39.46099781990051
17, 3, 0.7614587999617894, 0.00807269177690286, 0.4, 40.0, 60.0, 115, 0.3389996290206909, 0.8395021557807922, 0.6001508831977844, 0.5201077461242676, 0.8109457492828369, 0.6456964612007141, 38.05900049209595
17, 5, 0.7614587999617894, 0.00807269177690286, 0.4, 40.0, 60.0, 110, 0.45501697063446045, 0.7931690216064453, 0.5175753831863403, 0.5312067866325378, 0.7742945551872253, 0.5988350510597229, 36.10398077964783
17, 9, 0.7614587999617894, 0.00807269177690286, 0.4, 40.0, 60.0, 91, 0.26935458183288574, 0.8860912919044495, 0.527620255947113, 0.4633283019065857, 0.8395516276359558, 0.6874760985374451, 37.7499794960022
18, 3, 0.9592590214404533, 0.00013558427734477994, 0.2, 56.0, 30.0, 199, 0.47725948691368103, 0.7626388669013977, 0.4379206597805023, 0.46848541498184204, 0.771144688129425, 0.39536961913108826, 39.022998571395874
18, 5, 0.9592590214404533, 0.00013558427734477994, 0.2, 56.0, 30.0, 62, 0.5988839864730835, 0.7729671597480774, 0.39910900592803955, 0.5928679704666138, 0.75862056016922, 0.5219843983650208, 37.42498016357422
18, 9, 0.9592590214404533, 0.00013558427734477994, 0.2, 56.0, 30.0, 158, 0.4315752387046814, 0.822912871837616, 0.48503199219703674, 0.4649585485458374, 0.8339546322822571, 0.6274693608283997, 38.74500036239624
19, 3, 0.833352680104028, 0.00013468967761955306, 0.4, 52.0, 60.0, 143, 0.4910203218460083, 0.7550827860832214, 0.5034235119819641, 0.49407437443733215, 0.743781566619873, 0.4157237708568573, 40.968000650405884
19, 5, 0.833352680104028, 0.00013468967761955306, 0.4, 52.0, 60.0, 194, 0.413260281085968, 0.8092823028564453, 0.489728182554245, 0.5010432004928589, 0.7946707606315613, 0.43398168683052063, 37.76799964904785
19, 9, 0.833352680104028, 0.00013468967761955306, 0.4, 52.0, 60.0, 57, 0.5248422622680664, 0.7929190993309021, 0.5494354367256165, 0.5751141309738159, 0.7975741624832153, 0.5827253460884094, 39.53200364112854
20, 3, 0.867397483883857, 0.0012239780843197594, 0.3, 34.0, 40.0, 175, 0.3454782962799072, 0.8533115386962891, 0.6235504150390625, 0.4911905825138092, 0.7922890186309814, 0.5589005351066589, 37.43899941444397
20, 5, 0.867397483883857, 0.0012239780843197594, 0.3, 34.0, 40.0, 183, 0.3700066804885864, 0.8244336843490601, 0.5648750066757202, 0.5276869535446167, 0.7836989760398865, 0.6369426846504211, 34.91400933265686
20, 9, 0.867397483883857, 0.0012239780843197594, 0.3, 34.0, 40.0, 83, 0.3473188877105713, 0.8541829586029053, 0.5332722067832947, 0.4000377953052521, 0.8395516276359558, 0.6477144956588745, 36.16200041770935
21, 3, 0.8025923282444176, 0.003271127270325434, 0.4, 44.0, 90.0, 164, 0.22540037333965302, 0.9166260957717896, 0.7244687080383301, 0.5438641309738159, 0.8022392988204956, 0.6608293652534485, 40.29299855232239
21, 5, 0.8025923282444176, 0.003271127270325434, 0.4, 44.0, 90.0, 193, 0.29472991824150085, 0.8814317584037781, 0.6779633164405823, 0.5255708694458008, 0.7601879835128784, 0.61290043592453, 37.941980838775635
21, 9, 0.8025923282444176, 0.003271127270325434, 0.4, 44.0, 90.0, 197, 0.16230162978172302, 0.9374635815620422, 0.6714524030685425, 0.6195570230484009, 0.8115666508674622, 0.641212522983551, 39.85981345176697
22, 3, 0.8132365896650141, 0.00956360067863413, 0, 30.0, 70.0, 116, 0.3601383566856384, 0.8350728154182434, 0.619878888130188, 0.4542984664440155, 0.8084582090377808, 0.6526342630386353, 37.49399924278259
22, 5, 0.8132365896650141, 0.00956360067863413, 0, 30.0, 70.0, 81, 0.28741705417633057, 0.874697744846344, 0.6662995219230652, 0.5667774677276611, 0.7398118376731873, 0.6350415945053101, 35.56399893760681
22, 9, 0.8132365896650141, 0.00956360067863413, 0, 30.0, 70.0, 141, 0.11695719510316849, 0.9575657844543457, 0.7286897301673889, 0.7331446409225464, 0.8041039109230042, 0.6444501280784607, 37.58389902114868
23, 3, 0.8848733823026642, 0.0033153954939610345, 0, 30.0, 10.0, 83, 0.4509264826774597, 0.7642021775245667, 0.5886680483818054, 0.4682144522666931, 0.7860701680183411, 0.578192412853241, 35.03899359703064
23, 5, 0.8848733823026642, 0.0033153954939610345, 0, 30.0, 10.0, 190, 0.3386448919773102, 0.8429520130157471, 0.5830507874488831, 0.4563252329826355, 0.8338556289672852, 0.609516441822052, 33.239001512527466
23, 9, 0.8848733823026642, 0.0033153954939610345, 0, 30.0, 10.0, 138, 0.30328983068466187, 0.8730089068412781, 0.5423375964164734, 0.42954009771347046, 0.8460814356803894, 0.6507250666618347, 35.351001262664795
24, 3, 0.8128151205425074, 0.009483242344402093, 0, 20.0, 100.0, 195, 0.28630053997039795, 0.886141300201416, 0.7341360449790955, 0.4732509255409241, 0.7860701084136963, 0.6225801110267639, 36.82599973678589
24, 5, 0.8128151205425074, 0.009483242344402093, 0, 20.0, 100.0, 185, 0.3692353367805481, 0.827079176902771, 0.6431398391723633, 0.5273236632347107, 0.7805641293525696, 0.5970114469528198, 34.861000299453735
24, 9, 0.8128151205425074, 0.009483242344402093, 0, 20.0, 100.0, 195, 0.059416674077510834, 0.9779870510101318, 0.8079157471656799, 0.7923049926757812, 0.816230833530426, 0.6450824737548828, 37.24500060081482
25, 3, 0.9891046476582056, 0.003336903075139629, 0, 30.0, 80.0, 72, 0.40630319714546204, 0.8233478665351868, 0.4939579963684082, 0.4793647527694702, 0.7898014187812805, 0.4951639175415039, 37.23999857902527
25, 5, 0.9891046476582056, 0.003336903075139629, 0, 30.0, 80.0, 51, 0.36568284034729004, 0.8292436599731445, 0.4781927764415741, 0.6400855779647827, 0.727272629737854, 0.49390873312950134, 36.207998752593994
25, 9, 0.9891046476582056, 0.003336903075139629, 0, 30.0, 80.0, 170, 0.12939459085464478, 0.9521414041519165, 0.6555386781692505, 0.574703574180603, 0.8339546322822571, 0.5317389965057373, 38.2239990234375
26, 3, 0.8907249758873524, 0.0004471295686755157, 0, 44.0, 100.0, 130, 0.3412759006023407, 0.8574804067611694, 0.5484167337417603, 0.482113778591156, 0.7835826277732849, 0.5192950963973999, 40.47499942779541
26, 5, 0.8907249758873524, 0.0004471295686755157, 0, 44.0, 100.0, 85, 0.37713930010795593, 0.8371800780296326, 0.5486729741096497, 0.5185662508010864, 0.771159827709198, 0.40224409103393555, 38.887999534606934
26, 9, 0.8907249758873524, 0.0004471295686755157, 0, 44.0, 100.0, 67, 0.32711514830589294, 0.8666271567344666, 0.5164836049079895, 0.46252596378326416, 0.8236934542655945, 0.6109381914138794, 41.10300064086914
27, 3, 0.8235733858884301, 0.0044292270603272415, 0, 30.0, 70.0, 147, 0.2805594801902771, 0.8822330832481384, 0.6586447358131409, 0.47887665033340454, 0.8097019195556641, 0.647176206111908, 37.46500039100647
27, 5, 0.8235733858884301, 0.0044292270603272415, 0, 30.0, 70.0, 157, 0.27721107006073, 0.8771026730537415, 0.6733993887901306, 0.6246819496154785, 0.7476487755775452, 0.5985467433929443, 35.66299819946289
27, 9, 0.8235733858884301, 0.0044292270603272415, 0, 30.0, 70.0, 88, 0.16167651116847992, 0.9476742148399353, 0.7345703840255737, 0.4851981997489929, 0.8507456183433533, 0.6848010420799255, 36.91299843788147
28, 3, 0.7878782457675739, 0.007751614203946874, 0.1, 20.0, 10.0, 74, 0.47886237502098083, 0.7496111989021301, 0.4696645736694336, 0.4483987092971802, 0.7985079288482666, 0.5704115629196167, 35.549999475479126
28, 5, 0.7878782457675739, 0.007751614203946874, 0.1, 20.0, 10.0, 70, 0.4121245741844177, 0.8143327832221985, 0.5245020389556885, 0.42906439304351807, 0.8275861144065857, 0.6351884603500366, 33.20700025558472
28, 9, 0.7878782457675739, 0.007751614203946874, 0.1, 20.0, 10.0, 95, 0.3962542414665222, 0.8372715711593628, 0.6405182480812073, 0.36227285861968994, 0.8619396090507507, 0.7069135904312134, 34.624999046325684
29, 3, 0.9471197890210308, 0.002699799064310819, 0, 44.0, 70.0, 88, 0.406596302986145, 0.8116229772567749, 0.5613270998001099, 0.4374622106552124, 0.8171646595001221, 0.5959504246711731, 40.07300090789795
29, 5, 0.9471197890210308, 0.002699799064310819, 0, 44.0, 70.0, 104, 0.3328239321708679, 0.8566603660583496, 0.5026332139968872, 0.535481333732605, 0.7836989164352417, 0.5108415484428406, 37.75500011444092
29, 9, 0.9471197890210308, 0.002699799064310819, 0, 44.0, 70.0, 183, 0.10509317368268967, 0.9597994685173035, 0.6865872740745544, 1.1496726274490356, 0.760260820388794, 0.690700888633728, 38.927000522613525
30, 3, 0.9986747095372026, 0.0045134455410087235, 0, 24.0, 90.0, 121, 0.3341817855834961, 0.8514876961708069, 0.6247034072875977, 0.46080276370048523, 0.7935327887535095, 0.5889837145805359, 37.65099859237671
30, 5, 0.9986747095372026, 0.0045134455410087235, 0, 24.0, 90.0, 174, 0.22145907580852509, 0.9112534523010254, 0.7027525305747986, 0.6296477317810059, 0.7554857730865479, 0.45210185647010803, 35.286999225616455
30, 9, 0.9986747095372026, 0.0045134455410087235, 0, 24.0, 90.0, 95, 0.26566261053085327, 0.8931110501289368, 0.5904760360717773, 0.432059645652771, 0.8330217599868774, 0.664929986000061, 36.962998151779175
31, 3, 0.8676240871190944, 0.00031083606707024464, 0.4, 60.0, 50.0, 142, 0.4434739351272583, 0.7881731390953064, 0.49249348044395447, 0.4517555236816406, 0.7860701084136963, 0.5048682689666748, 41.435614824295044
31, 5, 0.8676240871190944, 0.00031083606707024464, 0.4, 60.0, 50.0, 89, 0.4305776059627533, 0.8073583841323853, 0.43530529737472534, 0.5160366296768188, 0.7931033372879028, 0.42871418595314026, 39.676002502441406
31, 9, 0.8676240871190944, 0.00031083606707024464, 0.4, 60.0, 50.0, 120, 0.35478144884109497, 0.8570547103881836, 0.5438726544380188, 0.45108848810195923, 0.8320889472961426, 0.5947157144546509, 41.072981119155884
32, 3, 0.8551839533756843, 0.009919232954821866, 0.1, 32.0, 20.0, 180, 0.41360852122306824, 0.7881731390953064, 0.6022838354110718, 0.5526212453842163, 0.771144688129425, 0.6619287729263306, 36.030996799468994
32, 5, 0.8551839533756843, 0.009919232954821866, 0.1, 32.0, 20.0, 108, 0.3286363482475281, 0.8475214838981628, 0.5631311535835266, 0.48006147146224976, 0.8087772727012634, 0.651535153388977, 34.066997051239014
32, 9, 0.8551839533756843, 0.009919232954821866, 0.1, 32.0, 20.0, 54, 0.3212265372276306, 0.8666271567344666, 0.6529562473297119, 0.3631376624107361, 0.84328293800354, 0.6893574595451355, 35.292001247406006
33, 3, 0.9546994262372586, 0.006590698432296587, 0.1, 46.0, 20.0, 116, 0.4294963479042053, 0.7714977264404297, 0.5758805871009827, 0.44565680623054504, 0.8022392392158508, 0.6175747513771057, 37.738999128341675
33, 5, 0.9546994262372586, 0.006590698432296587, 0.1, 46.0, 20.0, 116, 0.36661458015441895, 0.8362181186676025, 0.5412485599517822, 0.4520501494407654, 0.819749116897583, 0.636463463306427, 36.338998556137085
33, 9, 0.9546994262372586, 0.006590698432296587, 0.1, 46.0, 20.0, 92, 0.24120065569877625, 0.9125751256942749, 0.6244053244590759, 0.48234301805496216, 0.8423501253128052, 0.6937082409858704, 37.609999656677246
34, 3, 0.966183000732369, 0.001201160299240688, 0.1, 32.0, 10.0, 195, 0.4344748556613922, 0.7777509689331055, 0.5586442947387695, 0.46399298310279846, 0.7960203886032104, 0.5681950449943542, 34.72171664237976
34, 5, 0.966183000732369, 0.001201160299240688, 0.1, 32.0, 10.0, 113, 0.4371727705001831, 0.8037508726119995, 0.5074483156204224, 0.4663447141647339, 0.7946707606315613, 0.5788102149963379, 34.445979595184326
34, 9, 0.966183000732369, 0.001201160299240688, 0.1, 32.0, 10.0, 59, 0.42809683084487915, 0.8292945027351379, 0.46977677941322327, 0.42033955454826355, 0.8507456183433533, 0.6647519469261169, 36.147982597351074
35, 3, 0.9026785115633521, 0.004517514189363798, 0.1, 42.0, 20.0, 60, 0.4213169813156128, 0.7923420071601868, 0.5179702043533325, 0.4566453993320465, 0.7935327887535095, 0.6029917597770691, 37.03097891807556
35, 5, 0.9026785115633521, 0.004517514189363798, 0.1, 42.0, 20.0, 193, 0.42390549182891846, 0.7996624708175659, 0.5280249118804932, 0.4932989180088043, 0.7978054881095886, 0.5968416929244995, 36.68546772003174
35, 9, 0.9026785115633521, 0.004517514189363798, 0.1, 42.0, 20.0, 72, 0.4031296968460083, 0.814297616481781, 0.478487104177475, 0.35314351320266724, 0.838618814945221, 0.66746586561203, 36.8189971446991
36, 3, 0.9794866295279249, 0.0024758583511403642, 0.1, 26.0, 30.0, 70, 0.45382580161094666, 0.7691527009010315, 0.460116982460022, 0.47178760170936584, 0.781095027923584, 0.5536457300186157, 34.913978576660156
36, 5, 0.9794866295279249, 0.0024758583511403642, 0.1, 26.0, 30.0, 176, 0.27923333644866943, 0.8787862658500671, 0.5436314344406128, 0.6187293529510498, 0.7147334218025208, 0.6158570051193237, 33.37568974494934
36, 9, 0.9794866295279249, 0.0024758583511403642, 0.1, 26.0, 30.0, 190, 0.2943671941757202, 0.8864102959632874, 0.6898964047431946, 0.3678693473339081, 0.8498128056526184, 0.6933819651603699, 35.42499566078186
37, 3, 0.9280158744825617, 0.009764808764007968, 0.1, 36.0, 40.0, 130, 0.5485024452209473, 0.778793215751648, 0.5436861515045166, 0.518420934677124, 0.774876058101654, 0.5949568748474121, 37.87331557273865
37, 5, 0.9280158744825617, 0.009764808764007968, 0.1, 36.0, 40.0, 97, 0.3715165853500366, 0.8292436599731445, 0.5738766193389893, 0.47531020641326904, 0.8025076985359192, 0.6501010060310364, 35.06199812889099
37, 9, 0.9280158744825617, 0.009764808764007968, 0.1, 36.0, 40.0, 56, 0.3374546468257904, 0.8490776419639587, 0.5845726132392883, 0.4047546982765198, 0.82182776927948, 0.6830505132675171, 36.79899978637695
38, 3, 0.8616177225980027, 0.006657762277383092, 0.1, 48.0, 20.0, 119, 0.4415721297264099, 0.7743638157844543, 0.5817163586616516, 0.4437149465084076, 0.8009955286979675, 0.6218538880348206, 38.07600021362305
38, 5, 0.8616177225980027, 0.006657762277383092, 0.1, 48.0, 20.0, 92, 0.43412530422210693, 0.7922070026397705, 0.5087414979934692, 0.4661373794078827, 0.8150469064712524, 0.6091957688331604, 36.54900121688843
38, 9, 0.8616177225980027, 0.006657762277383092, 0.1, 48.0, 20.0, 53, 0.3398379683494568, 0.8500348925590515, 0.504957377910614, 0.37359803915023804, 0.8386186957359314, 0.6666817665100098, 37.892998456954956
39, 3, 0.7442048611891596, 0.0003796612363015207, 0.3, 26.0, 10.0, 186, 0.4748947322368622, 0.754301130771637, 0.4351675808429718, 0.4697777032852173, 0.7487566471099854, 0.47006383538246155, 34.65752387046814
39, 5, 0.7442048611891596, 0.0003796612363015207, 0.3, 26.0, 10.0, 149, 0.39954879879951477, 0.8169782757759094, 0.44553592801094055, 0.4731867015361786, 0.8103446960449219, 0.5010325908660889, 33.26999878883362
39, 9, 0.7442048611891596, 0.0003796612363015207, 0.3, 26.0, 10.0, 199, 0.3779335021972656, 0.8487585783004761, 0.5244850516319275, 0.4196000099182129, 0.8311561346054077, 0.6373194456100464, 34.244999170303345
40, 3, 0.8441150156229422, 0.0009146553230587165, 0.2, 60.0, 50.0, 127, 0.37166810035705566, 0.8376783132553101, 0.6310347318649292, 0.41546717286109924, 0.8097019791603088, 0.5545026063919067, 41.15700316429138
40, 5, 0.8441150156229422, 0.0009146553230587165, 0.2, 60.0, 50.0, 149, 0.2795528769493103, 0.8771026730537415, 0.5534542798995972, 0.5094320178031921, 0.813479483127594, 0.5986653566360474, 39.21699905395508
40, 9, 0.8441150156229422, 0.0009146553230587165, 0.2, 60.0, 50.0, 58, 0.3547409772872925, 0.8548212051391602, 0.5433016419410706, 0.44677355885505676, 0.816230833530426, 0.6232765913009644, 41.34200119972229
41, 3, 0.8832251926890291, 0.0014884112854982926, 0.4, 34.0, 20.0, 189, 0.3988490104675293, 0.8030247688293457, 0.6094958782196045, 0.45508620142936707, 0.7835826277732849, 0.6294428706169128, 36.04199552536011
41, 5, 0.8832251926890291, 0.0014884112854982926, 0.4, 34.0, 20.0, 80, 0.4013679027557373, 0.8073583841323853, 0.4858511984348297, 0.42119863629341125, 0.8401252627372742, 0.6289578676223755, 34.266000270843506
41, 9, 0.8832251926890291, 0.0014884112854982926, 0.4, 34.0, 20.0, 59, 0.3869851231575012, 0.8407815098762512, 0.515619158744812, 0.39080214500427246, 0.8414173126220703, 0.6587811708450317, 35.77599859237671
42, 3, 0.7790984177093554, 0.002091725569158646, 0.1, 50.0, 30.0, 172, 0.4667665958404541, 0.7514350414276123, 0.5053784251213074, 0.4231914281845093, 0.8047268390655518, 0.6170564889907837, 38.82599711418152
42, 5, 0.7790984177093554, 0.002091725569158646, 0.1, 50.0, 30.0, 118, 0.32099926471710205, 0.8480024933815002, 0.49960795044898987, 0.4355137050151825, 0.819749116897583, 0.6842811107635498, 36.61699843406677
42, 9, 0.7790984177093554, 0.002091725569158646, 0.1, 50.0, 30.0, 195, 0.1976747214794159, 0.9282101988792419, 0.6806601881980896, 0.49499791860580444, 0.808768093585968, 0.6431519985198975, 38.246999740600586
43, 3, 0.7209783526305842, 0.007673335235322013, 0.3, 42.0, 10.0, 139, 0.47268351912498474, 0.752998411655426, 0.4755951762199402, 0.4402032792568207, 0.8034830689430237, 0.6312254667282104, 38.006000995635986
43, 5, 0.7209783526305842, 0.007673335235322013, 0.3, 42.0, 10.0, 55, 0.48584040999412537, 0.7664737105369568, 0.39952757954597473, 0.4432923197746277, 0.7899685502052307, 0.6094658970832825, 34.793999433517456
43, 9, 0.7209783526305842, 0.007673335235322013, 0.3, 42.0, 10.0, 64, 0.3846745789051056, 0.8356761932373047, 0.48769649863243103, 0.38041695952415466, 0.8460814356803894, 0.6752210855484009, 36.59000086784363
44, 3, 0.9210026681691506, 0.00010915286548889534, 0.4, 38.0, 40.0, 190, 0.5309478640556335, 0.7245980501174927, 0.39848968386650085, 0.5125411748886108, 0.732587456703186, 0.28774943947792053, 37.25400137901306
44, 5, 0.9210026681691506, 0.00010915286548889534, 0.4, 38.0, 40.0, 183, 0.48379653692245483, 0.7806630730628967, 0.3742210865020752, 0.528944730758667, 0.7852663397789001, 0.42884230613708496, 35.56999659538269
44, 9, 0.9210026681691506, 0.00010915286548889534, 0.4, 38.0, 40.0, 105, 0.5037763714790344, 0.8273800015449524, 0.5070072412490845, 0.5510799884796143, 0.8162307143211365, 0.6435647010803223, 37.25800275802612
45, 3, 0.9741664826466255, 0.0052265319283147016, 0.2, 22.0, 30.0, 167, 0.3811943233013153, 0.824129581451416, 0.6214620471000671, 0.5032097101211548, 0.7761198878288269, 0.5982584953308105, 34.92699909210205
45, 5, 0.9741664826466255, 0.0052265319283147016, 0.2, 22.0, 30.0, 142, 0.34024283289909363, 0.8513695001602173, 0.6115193367004395, 0.49918338656425476, 0.8103446960449219, 0.6746689677238464, 32.679001808166504
45, 9, 0.9741664826466255, 0.0052265319283147016, 0.2, 22.0, 30.0, 99, 0.3216753304004669, 0.866946280002594, 0.7088069915771484, 0.36101043224334717, 0.8376858830451965, 0.6664587259292603, 34.44599914550781
46, 3, 0.9058240152131691, 0.003516517220627885, 0.4, 56.0, 20.0, 107, 0.4277559518814087, 0.7845253944396973, 0.5772753357887268, 0.46138256788253784, 0.7823387980461121, 0.5982791185379028, 38.73420548439026
46, 5, 0.9058240152131691, 0.003516517220627885, 0.4, 56.0, 20.0, 73, 0.38397592306137085, 0.8256362676620483, 0.5325824618339539, 0.43130674958229065, 0.8338556289672852, 0.6375839114189148, 37.728981018066406
46, 9, 0.9058240152131691, 0.003516517220627885, 0.4, 56.0, 20.0, 99, 0.3060053884983063, 0.8691798448562622, 0.5808857679367065, 0.4585910439491272, 0.8311561346054077, 0.6744751334190369, 39.12100028991699
47, 3, 0.9359148809098485, 0.0006629597248845211, 0.1, 28.0, 30.0, 112, 0.4472574293613434, 0.7832226157188416, 0.43063241243362427, 0.49239686131477356, 0.7574631571769714, 0.4317692816257477, 35.04500102996826
47, 5, 0.9359148809098485, 0.0006629597248845211, 0.1, 28.0, 30.0, 136, 0.355658620595932, 0.8470405340194702, 0.5440531969070435, 0.43758082389831543, 0.8322882652282715, 0.5412864685058594, 33.613001585006714
47, 9, 0.9359148809098485, 0.0006629597248845211, 0.1, 28.0, 30.0, 156, 0.3820033669471741, 0.8522685170173645, 0.6307846903800964, 0.4093919098377228, 0.8414172530174255, 0.6526643633842468, 35.16000008583069
48, 3, 0.7428882691296617, 0.00996811439105313, 0.4, 52.0, 40.0, 85, 0.4315921664237976, 0.7879126071929932, 0.5265231132507324, 0.43903982639312744, 0.8034830689430237, 0.6343485713005066, 39.20998001098633
48, 5, 0.7428882691296617, 0.00996811439105313, 0.4, 52.0, 40.0, 132, 0.3594236373901367, 0.8326106667518616, 0.5938727259635925, 0.5295336842536926, 0.7884011268615723, 0.6692973971366882, 37.732001543045044
48, 9, 0.7428882691296617, 0.00996811439105313, 0.4, 52.0, 40.0, 62, 0.35623231530189514, 0.8567356467247009, 0.6151076555252075, 0.47802457213401794, 0.8339545726776123, 0.685160756111145, 38.93598031997681
49, 3, 0.7771507864397683, 0.0014314074940437503, 0.3, 34.0, 50.0, 162, 0.4167468845844269, 0.825432300567627, 0.6344763040542603, 0.49500566720962524, 0.7935327887535095, 0.6114206314086914, 36.713998317718506
49, 5, 0.7771507864397683, 0.0014314074940437503, 0.3, 34.0, 50.0, 121, 0.3009227514266968, 0.8742167353630066, 0.6446520090103149, 0.5335073471069336, 0.7789967060089111, 0.5312210321426392, 35.33699989318848
49, 9, 0.7771507864397683, 0.0014314074940437503, 0.3, 34.0, 50.0, 60, 0.3267399072647095, 0.8666271567344666, 0.5390791296958923, 0.46023887395858765, 0.8227606415748596, 0.6329147219657898, 36.95599937438965
50, 3, 0.7003449493909658, 0.0002561699192476428, 0.2, 38.0, 10.0, 197, 0.4582318961620331, 0.7780115604400635, 0.4368884563446045, 0.46746569871902466, 0.7786074280738831, 0.5246163606643677, 36.14399981498718
50, 5, 0.7003449493909658, 0.0002561699192476428, 0.2, 38.0, 10.0, 184, 0.4016757607460022, 0.8208262324333191, 0.4934254586696625, 0.44101646542549133, 0.8213165402412415, 0.5499973297119141, 34.763999938964844
50, 9, 0.7003449493909658, 0.0002561699192476428, 0.2, 38.0, 10.0, 142, 0.40765029191970825, 0.8312090039253235, 0.5309558510780334, 0.40328776836395264, 0.8348874449729919, 0.6385568380355835, 35.99898076057434
51, 3, 0.8366184729886966, 0.0039725173777412125, 0.4, 58.0, 20.0, 64, 0.466208279132843, 0.7686315774917603, 0.4716825783252716, 0.4467547535896301, 0.8047268986701965, 0.6075493693351746, 39.66399884223938
51, 5, 0.8366184729886966, 0.0039725173777412125, 0.4, 58.0, 20.0, 126, 0.3960994482040405, 0.8114468455314636, 0.6054293513298035, 0.48456519842147827, 0.7993729710578918, 0.6834825277328491, 37.7929790019989
51, 9, 0.8366184729886966, 0.0039725173777412125, 0.4, 58.0, 20.0, 105, 0.3649892807006836, 0.8414196372032166, 0.590991735458374, 0.5218043923377991, 0.7891786694526672, 0.6743050813674927, 40.17000126838684
52, 3, 0.8615571973586782, 0.0054371420255434, 0.1, 50.0, 50.0, 93, 0.42035186290740967, 0.8035457730293274, 0.6158113479614258, 0.4742237329483032, 0.7873138189315796, 0.5936841368675232, 39.62098050117493
52, 5, 0.8615571973586782, 0.0054371420255434, 0.1, 50.0, 50.0, 187, 0.1497267335653305, 0.9444421529769897, 0.7551608681678772, 0.655494213104248, 0.7570531368255615, 0.5618574023246765, 38.368998765945435
52, 9, 0.8615571973586782, 0.0054371420255434, 0.1, 50.0, 50.0, 89, 0.21976405382156372, 0.9074697494506836, 0.5540880560874939, 0.6324165463447571, 0.8078352808952332, 0.6228593587875366, 42.12499952316284
53, 3, 0.9925903727225249, 0.0027249722068912216, 0.4, 54.0, 30.0, 128, 0.4315224289894104, 0.7827014923095703, 0.5252342224121094, 0.4673594534397125, 0.7972641587257385, 0.5882797241210938, 39.09899973869324
53, 5, 0.9925903727225249, 0.0027249722068912216, 0.4, 54.0, 30.0, 65, 0.40362274646759033, 0.7919664978981018, 0.48121848702430725, 0.528476893901825, 0.7507836222648621, 0.5636932253837585, 37.20500040054321
53, 9, 0.9925903727225249, 0.0027249722068912216, 0.4, 54.0, 30.0, 147, 0.26609867811203003, 0.9017263054847717, 0.673410952091217, 0.5207669734954834, 0.7322758436203003, 0.677323579788208, 39.60899829864502
54, 3, 0.9440553227498516, 0.0022641311212516658, 0.3, 40.0, 60.0, 89, 0.3832353353500366, 0.8298617005348206, 0.6258441209793091, 0.4575781226158142, 0.8022392392158508, 0.567694902420044, 38.2959988117218
54, 5, 0.9440553227498516, 0.0022641311212516658, 0.3, 40.0, 60.0, 80, 0.3188351094722748, 0.8506479263305664, 0.5489912629127502, 0.5974041223526001, 0.7460814118385315, 0.4770616292953491, 36.97188591957092
54, 9, 0.9440553227498516, 0.0022641311212516658, 0.3, 40.0, 60.0, 156, 0.11358045041561127, 0.9588421583175659, 0.7155742049217224, 0.5755924582481384, 0.812499463558197, 0.7597976326942444, 39.89797925949097
55, 3, 0.7959603674677891, 0.008328810030485695, 0.2, 42.0, 40.0, 119, 0.365419864654541, 0.8314250707626343, 0.48372364044189453, 0.4953514337539673, 0.7960203886032104, 0.618127703666687, 37.84898138046265
55, 5, 0.7959603674677891, 0.008328810030485695, 0.2, 42.0, 40.0, 53, 0.42603135108947754, 0.8027889132499695, 0.4914381206035614, 0.47713446617126465, 0.8119121193885803, 0.6458388566970825, 36.134979248046875
55, 9, 0.7959603674677891, 0.008328810030485695, 0.2, 42.0, 40.0, 62, 0.26709914207458496, 0.8982164263725281, 0.5639142990112305, 0.4373500943183899, 0.8358202576637268, 0.6810241937637329, 39.30998086929321
56, 3, 0.911961954731214, 0.00018102287385036916, 0.1, 36.0, 20.0, 50, 0.6262681484222412, 0.7391890287399292, 0.3691776990890503, 0.6160444021224976, 0.777363657951355, 0.36908450722694397, 36.49097967147827
56, 5, 0.911961954731214, 0.00018102287385036916, 0.1, 36.0, 20.0, 51, 0.6350306272506714, 0.7833086252212524, 0.41035589575767517, 0.6245874166488647, 0.8040751218795776, 0.542198121547699, 34.677980184555054
56, 9, 0.911961954731214, 0.00018102287385036916, 0.1, 36.0, 20.0, 147, 0.49784189462661743, 0.8091922998428345, 0.4864363968372345, 0.5329688191413879, 0.8264918923377991, 0.6599738597869873, 37.486971378326416
57, 3, 0.8770918657924273, 0.0009913251524827547, 0.4, 46.0, 10.0, 197, 0.465495765209198, 0.7743637561798096, 0.47277501225471497, 0.4500875473022461, 0.7985079288482666, 0.5793787240982056, 37.59299683570862
57, 5, 0.8770918657924273, 0.0009913251524827547, 0.4, 46.0, 10.0, 183, 0.3972941040992737, 0.8066368103027344, 0.5490761399269104, 0.44165849685668945, 0.8338556289672852, 0.6022046208381653, 35.75597858428955
57, 9, 0.8770918657924273, 0.0009913251524827547, 0.4, 46.0, 10.0, 62, 0.39930593967437744, 0.8328043818473816, 0.4931321442127228, 0.3865130543708801, 0.838618814945221, 0.6620157957077026, 38.107001543045044
58, 3, 0.8933178251283628, 0.0005819058697722699, 0.1, 32.0, 30.0, 150, 0.3858286142349243, 0.8262138962745667, 0.4406734108924866, 0.4679369330406189, 0.7848262786865234, 0.5613875389099121, 36.075998067855835
58, 5, 0.8933178251283628, 0.0005819058697722699, 0.1, 32.0, 30.0, 111, 0.4139131009578705, 0.811927855014801, 0.4464015066623688, 0.4857136011123657, 0.8009403347969055, 0.5132048726081848, 36.0689799785614
58, 9, 0.8933178251283628, 0.0005819058697722699, 0.1, 32.0, 30.0, 111, 0.3845144808292389, 0.8388670086860657, 0.527367353439331, 0.39463555812835693, 0.8442157506942749, 0.634461522102356, 36.114980936050415
59, 3, 0.8558100815469727, 0.0018366945634229318, 0.4, 46.0, 80.0, 141, 0.44058337807655334, 0.785306990146637, 0.5441101789474487, 0.48816901445388794, 0.7960203886032104, 0.643313467502594, 40.428998947143555
59, 5, 0.8558100815469727, 0.0018366945634229318, 0.4, 46.0, 80.0, 74, 0.4125075936317444, 0.8020674586296082, 0.555276095867157, 0.5547900199890137, 0.7539183497428894, 0.5250337719917297, 39.992980003356934
59, 9, 0.8558100815469727, 0.0018366945634229318, 0.4, 46.0, 80.0, 133, 0.14624536037445068, 0.9473550915718079, 0.7194963693618774, 0.48747003078460693, 0.8311560750007629, 0.6500003933906555, 40.582000732421875
60, 3, 0.8248067072003127, 0.006242433622626722, 0.3, 28.0, 60.0, 197, 0.21245184540748596, 0.9132389426231384, 0.767048716545105, 0.5635524392127991, 0.777363657951355, 0.5745487213134766, 37.383177280426025
60, 5, 0.8248067072003127, 0.006242433622626722, 0.3, 28.0, 60.0, 136, 0.3084501028060913, 0.8660398125648499, 0.69722580909729, 0.5605147480964661, 0.753918468952179, 0.6058439612388611, 36.275980710983276
60, 9, 0.8248067072003127, 0.006242433622626722, 0.3, 28.0, 60.0, 124, 0.17350724339485168, 0.9326773881912231, 0.581828236579895, 0.8124505281448364, 0.7957085371017456, 0.6242622137069702, 36.76606369018555
61, 3, 0.8068939764990034, 0.0012024289716320105, 0.2, 22.0, 40.0, 165, 0.4218387007713318, 0.8124046325683594, 0.4928225874900818, 0.4812503755092621, 0.7798512578010559, 0.4547695517539978, 35.84999918937683
61, 5, 0.8068939764990034, 0.0012024289716320105, 0.2, 22.0, 40.0, 133, 0.3735591471195221, 0.8453570008277893, 0.6069570779800415, 0.47168129682540894, 0.7868337631225586, 0.6396632790565491, 36.773000717163086
61, 9, 0.8068939764990034, 0.0012024289716320105, 0.2, 22.0, 40.0, 152, 0.3690524697303772, 0.8554592728614807, 0.612761378288269, 0.555281937122345, 0.7835816740989685, 0.6179263591766357, 35.690998792648315
62, 3, 0.9655924069856054, 0.003917397867603149, 0.4, 58.0, 10.0, 123, 0.42800280451774597, 0.7837437391281128, 0.5495055317878723, 0.4951372444629669, 0.7786074280738831, 0.6120589375495911, 38.86500024795532
62, 5, 0.9655924069856054, 0.003917397867603149, 0.4, 58.0, 10.0, 72, 0.4064006507396698, 0.7982195019721985, 0.5408027768135071, 0.44258835911750793, 0.8322882652282715, 0.6155674457550049, 37.530001401901245
62, 9, 0.9655924069856054, 0.003917397867603149, 0.4, 58.0, 10.0, 176, 0.3243483304977417, 0.855140209197998, 0.5057241320610046, 0.41569843888282776, 0.8376860022544861, 0.6935643553733826, 39.29897999763489
63, 3, 0.7675845650277271, 0.002952925566200953, 0.1, 28.0, 90.0, 76, 0.6663364171981812, 0.699324369430542, 0.3289629817008972, 0.5398513674736023, 0.8084582090377808, 0.5113450884819031, 38.3611536026001
63, 5, 0.7675845650277271, 0.002952925566200953, 0.1, 28.0, 90.0, 180, 0.3114144802093506, 0.8547364473342896, 0.6409817934036255, 0.6573602557182312, 0.7852663397789001, 0.5242751240730286, 36.423980474472046
63, 9, 0.7675845650277271, 0.002952925566200953, 0.1, 28.0, 90.0, 68, 0.2626349925994873, 0.89662104845047, 0.582247257232666, 0.406859815120697, 0.8414173126220703, 0.602540135383606, 38.689980030059814
64, 3, 0.7139900432083331, 0.008261443192954186, 0, 32.0, 50.0, 137, 0.39795756340026855, 0.8045880794525146, 0.5901677012443542, 0.4265371561050415, 0.7985079288482666, 0.6373770833015442, 36.922980070114136
64, 5, 0.7139900432083331, 0.008261443192954186, 0, 32.0, 50.0, 61, 0.4004386067390442, 0.8078393936157227, 0.49463316798210144, 0.491978257894516, 0.8087772727012634, 0.6176400184631348, 35.45598006248474
64, 9, 0.7139900432083331, 0.008261443192954186, 0, 32.0, 50.0, 175, 0.0998138040304184, 0.9645856618881226, 0.6819337010383606, 0.6803221702575684, 0.8134322762489319, 0.6055142879486084, 37.65898060798645
65, 3, 0.8755112573071362, 0.00040436126656936364, 0.1, 52.0, 20.0, 166, 0.41046643257141113, 0.8118835687637329, 0.5854006409645081, 0.48703837394714355, 0.777363657951355, 0.5462815165519714, 38.56398034095764
65, 5, 0.8755112573071362, 0.00040436126656936364, 0.1, 52.0, 20.0, 126, 0.40946152806282043, 0.816497266292572, 0.5516778230667114, 0.41724175214767456, 0.826018750667572, 0.6051921248435974, 36.57098054885864
65, 9, 0.8755112573071362, 0.00040436126656936364, 0.1, 52.0, 20.0, 97, 0.3854391574859619, 0.8478012681007385, 0.5434048771858215, 0.40753859281539917, 0.8320889472961426, 0.6506016850471497, 39.440979957580566
66, 3, 0.7415352829315185, 0.009531081670560401, 0.4, 54.0, 40.0, 61, 0.48922932147979736, 0.7589911818504333, 0.513807475566864, 0.4723857045173645, 0.8059706091880798, 0.643132746219635, 39.83399987220764
66, 5, 0.7415352829315185, 0.009531081670560401, 0.4, 54.0, 40.0, 76, 0.42664679884910583, 0.810965895652771, 0.6004081964492798, 0.43909895420074463, 0.7852663397789001, 0.68317711353302, 38.15500211715698
66, 9, 0.7415352829315185, 0.009531081670560401, 0.4, 54.0, 40.0, 130, 0.25640466809272766, 0.899811863899231, 0.6304208636283875, 0.4703013002872467, 0.8330218195915222, 0.6466175317764282, 41.349998235702515
67, 3, 0.7433910152746117, 0.007377078755860414, 0.4, 48.0, 30.0, 82, 0.47609639167785645, 0.7592516541481018, 0.4615779221057892, 0.44222795963287354, 0.808458149433136, 0.542322039604187, 38.9029815196991
67, 5, 0.7433910152746117, 0.007377078755860414, 0.4, 48.0, 30.0, 104, 0.36362576484680176, 0.8316486477851868, 0.5845651030540466, 0.4546574056148529, 0.830720841884613, 0.640646755695343, 37.714998722076416
67, 9, 0.7433910152746117, 0.007377078755860414, 0.4, 48.0, 30.0, 105, 0.2621649503707886, 0.8870484828948975, 0.5722026228904724, 0.42583513259887695, 0.82182776927948, 0.6290667057037354, 40.149980306625366
68, 3, 0.8268984349563312, 0.004959863467258847, 0.4, 52.0, 40.0, 97, 0.4484604299068451, 0.7608150243759155, 0.46619555354118347, 0.4760025143623352, 0.769900918006897, 0.6057252883911133, 39.57998013496399
68, 5, 0.8268984349563312, 0.004959863467258847, 0.4, 52.0, 40.0, 85, 0.4444419741630554, 0.782827615737915, 0.4316435158252716, 0.44725754857063293, 0.8228839039802551, 0.5907167792320251, 37.68798089027405
68, 9, 0.8268984349563312, 0.004959863467258847, 0.4, 52.0, 40.0, 123, 0.23974111676216125, 0.9148087501525879, 0.7211340665817261, 0.4686204791069031, 0.825559139251709, 0.6481016278266907, 40.465983867645264
69, 3, 0.7320056942484053, 0.006493974292143184, 0.4, 56.0, 20.0, 75, 0.498122900724411, 0.7386679649353027, 0.40982872247695923, 0.4522085189819336, 0.8059706091880798, 0.6246107220649719, 39.172998666763306
69, 5, 0.7320056942484053, 0.006493974292143184, 0.4, 56.0, 20.0, 92, 0.390108197927475, 0.8152948021888733, 0.4960637092590332, 0.4374202787876129, 0.8338556289672852, 0.7126867771148682, 37.93897986412048
69, 9, 0.7320056942484053, 0.006493974292143184, 0.4, 56.0, 20.0, 178, 0.3236317038536072, 0.8618409633636475, 0.5878610610961914, 0.3159427046775818, 0.8404844403266907, 0.7427629232406616, 39.7599995136261
70, 3, 0.7082351321652647, 0.006122088138346281, 0.4, 56.0, 20.0, 186, 0.3479154109954834, 0.8473187685012817, 0.6330099105834961, 0.4546198546886444, 0.8208960294723511, 0.679256796836853, 39.09300112724304
70, 5, 0.7082351321652647, 0.006122088138346281, 0.4, 56.0, 20.0, 194, 0.42896580696105957, 0.7967764139175415, 0.46743708848953247, 0.4153130352497101, 0.8401252627372742, 0.6722573637962341, 37.24400043487549
70, 9, 0.7082351321652647, 0.006122088138346281, 0.4, 56.0, 20.0, 168, 0.2725796699523926, 0.8838576674461365, 0.6012948155403137, 0.4007411599159241, 0.8376858830451965, 0.6663922071456909, 39.385998487472534
71, 3, 0.7024236474598977, 0.0058126962050887515, 0.4, 56.0, 20.0, 52, 0.4647870361804962, 0.7537800669670105, 0.46436217427253723, 0.43431994318962097, 0.8097019195556641, 0.6076487898826599, 39.232999086380005
71, 5, 0.7024236474598977, 0.0058126962050887515, 0.4, 56.0, 20.0, 57, 0.4503684341907501, 0.7784985899925232, 0.4437596797943115, 0.46721094846725464, 0.7946707606315613, 0.5949960350990295, 37.35800051689148
71, 9, 0.7024236474598977, 0.0058126962050887515, 0.4, 56.0, 20.0, 164, 0.2924344837665558, 0.8720515966415405, 0.5861480236053467, 0.41938307881355286, 0.8367530703544617, 0.6861861348152161, 39.47900128364563
72, 3, 0.7547582916955574, 0.006897776519337296, 0.4, 56.0, 10.0, 100, 0.47829335927963257, 0.7475267648696899, 0.5404344201087952, 0.4345882534980774, 0.808458149433136, 0.6323927640914917, 38.769999742507935
72, 5, 0.7547582916955574, 0.006897776519337296, 0.4, 56.0, 10.0, 91, 0.4813021421432495, 0.7671952247619629, 0.366142600774765, 0.4399958550930023, 0.8087772727012634, 0.6643472909927368, 36.81197953224182
72, 9, 0.7547582916955574, 0.006897776519337296, 0.4, 56.0, 10.0, 58, 0.42339885234832764, 0.8123831152915955, 0.4301284849643707, 0.37143680453300476, 0.8507456183433533, 0.67567378282547, 39.18799877166748
73, 3, 0.7348036000225115, 0.0040105792040899865, 0.4, 54.0, 10.0, 143, 0.4272152781486511, 0.7824409604072571, 0.5720285773277283, 0.46101072430610657, 0.7873139381408691, 0.6029046177864075, 38.80599856376648
73, 5, 0.7348036000225115, 0.0040105792040899865, 0.4, 54.0, 10.0, 133, 0.4150238633155823, 0.8054343461990356, 0.526509165763855, 0.4655230641365051, 0.8213164806365967, 0.6529558897018433, 36.69800138473511
73, 9, 0.7348036000225115, 0.0040105792040899865, 0.4, 54.0, 10.0, 95, 0.4115540683269501, 0.8133403658866882, 0.45342907309532166, 0.4095699191093445, 0.8376858830451965, 0.690718412399292, 38.88498091697693
74, 3, 0.7252759558740188, 0.00870430504186063, 0.4, 58.0, 30.0, 97, 0.39526352286338806, 0.8212634325027466, 0.5882261991500854, 0.5344844460487366, 0.7823387980461121, 0.6234111189842224, 40.57199954986572
74, 5, 0.7252759558740188, 0.00870430504186063, 0.4, 58.0, 30.0, 63, 0.42156726121902466, 0.7987004518508911, 0.45273357629776, 0.4477096199989319, 0.8181816935539246, 0.6517353653907776, 38.64698100090027
74, 9, 0.7252759558740188, 0.00870430504186063, 0.4, 58.0, 30.0, 196, 0.15079209208488464, 0.9444833993911743, 0.6632488965988159, 0.6438828706741333, 0.82182776927948, 0.6435783505439758, 39.95599889755249
75, 3, 0.7177010945606177, 0.0018545515647161912, 0.4, 60.0, 20.0, 138, 0.4382307529449463, 0.7759271264076233, 0.5905929207801819, 0.4943559169769287, 0.7736323475837708, 0.6140992045402527, 40.102996587753296
75, 5, 0.7177010945606177, 0.0018545515647161912, 0.4, 60.0, 20.0, 74, 0.4465225040912628, 0.8039913773536682, 0.4423235356807709, 0.48736146092414856, 0.7962381839752197, 0.6442167162895203, 38.11999988555908
75, 9, 0.7177010945606177, 0.0018545515647161912, 0.4, 60.0, 20.0, 117, 0.26615095138549805, 0.8905584216117859, 0.563494861125946, 0.44644391536712646, 0.8582082390785217, 0.6340422034263611, 40.20698118209839
76, 3, 0.7012455106903872, 0.0029506114548272654, 0.4, 60.0, 10.0, 123, 0.4306866526603699, 0.7829620838165283, 0.5004579424858093, 0.44383859634399414, 0.8109457492828369, 0.6032258868217468, 39.81000089645386
76, 5, 0.7012455106903872, 0.0029506114548272654, 0.4, 60.0, 10.0, 177, 0.34275466203689575, 0.8417496085166931, 0.5457552671432495, 0.47842681407928467, 0.7868337631225586, 0.6299569606781006, 38.35499978065491
76, 9, 0.7012455106903872, 0.0029506114548272654, 0.4, 60.0, 10.0, 146, 0.3098965287208557, 0.8663081526756287, 0.5554909110069275, 0.403848260641098, 0.84328293800354, 0.6693344712257385, 40.169999837875366
77, 3, 0.7304123837429601, 0.00593805871824243, 0.4, 50.0, 30.0, 157, 0.3529798984527588, 0.8269956707954407, 0.6529404520988464, 0.4383739233016968, 0.812189519405365, 0.6467099189758301, 38.867002964019775
77, 5, 0.7304123837429601, 0.00593805871824243, 0.4, 50.0, 30.0, 82, 0.398272305727005, 0.8140922784805298, 0.5418431162834167, 0.4702093303203583, 0.8291534781455994, 0.7080942392349243, 36.998000383377075
77, 9, 0.7304123837429601, 0.00593805871824243, 0.4, 50.0, 30.0, 112, 0.3660639822483063, 0.8398242592811584, 0.5256962776184082, 0.43093523383140564, 0.8302233219146729, 0.6649028062820435, 39.15298080444336
78, 3, 0.7534682786372381, 0.004981508931863928, 0.4, 50.0, 30.0, 115, 0.5163159966468811, 0.7660260796546936, 0.4941595494747162, 0.5374743938446045, 0.7947765588760376, 0.6448957324028015, 38.93199944496155
78, 5, 0.7534682786372381, 0.004981508931863928, 0.4, 50.0, 30.0, 77, 0.3996644914150238, 0.8203452229499817, 0.46570590138435364, 0.4388079047203064, 0.8103446960449219, 0.7051724195480347, 36.86098003387451
78, 9, 0.7534682786372381, 0.004981508931863928, 0.4, 50.0, 30.0, 105, 0.23465368151664734, 0.9186376929283142, 0.7635253667831421, 0.3896833062171936, 0.8274248242378235, 0.7552168965339661, 38.848000288009644
79, 3, 0.7526108122571465, 0.00478713206982974, 0.4, 50.0, 30.0, 122, 0.35795071721076965, 0.8371573090553284, 0.629241406917572, 0.45496535301208496, 0.8171646595001221, 0.6507781147956848, 38.97700095176697
79, 5, 0.7526108122571465, 0.00478713206982974, 0.4, 50.0, 30.0, 83, 0.3601096272468567, 0.8352560997009277, 0.6175127029418945, 0.45534610748291016, 0.8244512677192688, 0.6779025793075562, 37.11600065231323
79, 9, 0.7526108122571465, 0.00478713206982974, 0.4, 50.0, 30.0, 93, 0.2578614354133606, 0.9014072418212891, 0.5483964085578918, 0.4363974332809448, 0.8199621438980103, 0.6658539175987244, 38.91606163978577
80, 3, 0.7721539829915403, 0.003480900856205988, 0.4, 48.0, 40.0, 135, 0.45422980189323425, 0.7738426923751831, 0.5392281413078308, 0.48115992546081543, 0.8047268986701965, 0.6387024521827698, 39.874001264572144
80, 5, 0.7721539829915403, 0.003480900856205988, 0.4, 48.0, 40.0, 119, 0.35962754487991333, 0.8354966044425964, 0.5889554619789124, 0.5360167622566223, 0.771159827709198, 0.5993697643280029, 37.901999950408936
80, 9, 0.7721539829915403, 0.003480900856205988, 0.4, 48.0, 40.0, 161, 0.1364087164402008, 0.9527795314788818, 0.7364200949668884, 0.6000158786773682, 0.7919771075248718, 0.6169434785842896, 39.16399908065796
81, 3, 0.7292637822430584, 0.0022127259901024957, 0.4, 50.0, 70.0, 170, 0.3590814769268036, 0.8374177813529968, 0.620461642742157, 0.5091488361358643, 0.777363657951355, 0.626264214515686, 41.18599462509155
81, 5, 0.7292637822430584, 0.0022127259901024957, 0.4, 50.0, 70.0, 55, 0.37761300802230835, 0.8201047778129578, 0.5070409774780273, 0.5296728610992432, 0.7507835626602173, 0.49426379799842834, 38.618000745773315
81, 9, 0.7292637822430584, 0.0022127259901024957, 0.4, 50.0, 70.0, 97, 0.19212783873081207, 0.9224666953086853, 0.5900793075561523, 0.611748218536377, 0.7807831168174744, 0.5982734560966492, 40.65700078010559
82, 3, 0.7914885597591241, 0.0008276902197724408, 0, 46.0, 50.0, 179, 0.3575440049171448, 0.8405444025993347, 0.6873041987419128, 0.5258835554122925, 0.7674133777618408, 0.6351792216300964, 39.58399844169617
82, 5, 0.7914885597591241, 0.0008276902197724408, 0, 46.0, 50.0, 190, 0.42481017112731934, 0.8287626504898071, 0.5735511779785156, 0.4820988178253174, 0.8087772727012634, 0.6742963790893555, 37.33799958229065
82, 9, 0.7914885597591241, 0.0008276902197724408, 0, 46.0, 50.0, 171, 0.18247859179973602, 0.9333155155181885, 0.64049232006073, 0.6783876419067383, 0.7770518064498901, 0.6153302788734436, 39.20300006866455
83, 3, 0.7824868349481136, 0.001470365094774212, 0.4, 44.0, 30.0, 116, 0.3591429591178894, 0.839762806892395, 0.6351657509803772, 0.472231388092041, 0.7786074280738831, 0.5681054592132568, 38.546998262405396
83, 5, 0.7824868349481136, 0.001470365094774212, 0.4, 44.0, 30.0, 139, 0.29713547229766846, 0.8679637908935547, 0.5621649026870728, 0.4502350091934204, 0.8040751218795776, 0.6965209245681763, 36.0600004196167
83, 9, 0.7824868349481136, 0.001470365094774212, 0.4, 44.0, 30.0, 79, 0.3262387812137604, 0.875561535358429, 0.5723869204521179, 0.44655054807662964, 0.8246262669563293, 0.6444596648216248, 37.65500092506409
84, 3, 0.7656689252807043, 0.0020031611858560114, 0.3, 58.0, 50.0, 180, 0.36737769842147827, 0.8197001218795776, 0.6021904945373535, 0.5276998281478882, 0.784826397895813, 0.6356813907623291, 42.073996782302856
84, 5, 0.7656689252807043, 0.0020031611858560114, 0.3, 58.0, 50.0, 87, 0.35201239585876465, 0.8511289954185486, 0.5934801697731018, 0.5684202909469604, 0.7288400530815125, 0.5753287672996521, 39.13999938964844
84, 9, 0.7656689252807043, 0.0020031611858560114, 0.3, 58.0, 50.0, 51, 0.320072203874588, 0.8720515966415405, 0.5583651065826416, 0.43910640478134155, 0.8003726601600647, 0.6154255270957947, 41.007538080215454
85, 3, 0.7508914462412472, 0.0024719183024137577, 0.2, 54.0, 30.0, 198, 0.4132906198501587, 0.8053696751594543, 0.5994561910629272, 0.4057231843471527, 0.8246273994445801, 0.6508697271347046, 39.8840012550354
85, 5, 0.7508914462412472, 0.0024719183024137577, 0.2, 54.0, 30.0, 116, 0.3297598361968994, 0.8535339832305908, 0.5677992105484009, 0.47134849429130554, 0.8009403944015503, 0.623799204826355, 37.52700066566467
85, 9, 0.7508914462412472, 0.0024719183024137577, 0.2, 54.0, 30.0, 145, 0.20667080581188202, 0.9170423150062561, 0.6175151467323303, 0.6117373704910278, 0.7994397878646851, 0.6528348326683044, 40.97023320198059
86, 3, 0.8159292162010374, 0.004178246457080286, 0.4, 42.0, 40.0, 158, 0.24873188138008118, 0.8963028788566589, 0.81285560131073, 0.5267937779426575, 0.8072144389152527, 0.6456431746482849, 39.112000465393066
86, 5, 0.8159292162010374, 0.004178246457080286, 0.4, 42.0, 40.0, 72, 0.36063215136528015, 0.8258766531944275, 0.6128803491592407, 0.47928041219711304, 0.813479483127594, 0.6882109045982361, 36.74200081825256
86, 9, 0.8159292162010374, 0.004178246457080286, 0.4, 42.0, 40.0, 92, 0.4435916841030121, 0.847163200378418, 0.49792706966400146, 0.5778568983078003, 0.7957084774971008, 0.6246876120567322, 38.350998878479004
87, 3, 0.7082697318127144, 0.0054776998302146825, 0.4, 48.0, 30.0, 112, 0.4078996479511261, 0.7944263815879822, 0.5189310312271118, 0.5150731801986694, 0.7786074280738831, 0.6245606541633606, 39.68198227882385
87, 5, 0.7082697318127144, 0.0054776998302146825, 0.4, 48.0, 30.0, 126, 0.37288719415664673, 0.8309271335601807, 0.5599314570426941, 0.47082340717315674, 0.8385578989982605, 0.6451985836029053, 38.584999322891235
87, 9, 0.7082697318127144, 0.0054776998302146825, 0.4, 48.0, 30.0, 120, 0.34264466166496277, 0.858331024646759, 0.5806068778038025, 0.3981928527355194, 0.812499463558197, 0.6470044255256653, 38.56600022315979
88, 3, 0.7370454911596878, 0.0016372817502438802, 0, 52.0, 20.0, 191, 0.4405493438243866, 0.7871308922767639, 0.5424954295158386, 0.4488890767097473, 0.7848262786865234, 0.581473171710968, 39.578999042510986
88, 5, 0.7370454911596878, 0.0016372817502438802, 0, 52.0, 20.0, 114, 0.3868591785430908, 0.819142758846283, 0.499632865190506, 0.4364006519317627, 0.8495296239852905, 0.6491259932518005, 36.7099986076355
88, 9, 0.7370454911596878, 0.0016372817502438802, 0, 52.0, 20.0, 53, 0.3655640482902527, 0.8535448312759399, 0.5345950126647949, 0.39671194553375244, 0.8311560750007629, 0.650771975517273, 38.493998765945435
89, 3, 0.7982833689254443, 0.007126010187752934, 0.4, 44.0, 10.0, 87, 0.4439018964767456, 0.7657655477523804, 0.5336197018623352, 0.4524872601032257, 0.784826397895813, 0.6301111578941345, 38.22200131416321
89, 5, 0.7982833689254443, 0.007126010187752934, 0.4, 44.0, 10.0, 115, 0.39531123638153076, 0.8126493096351624, 0.5664399266242981, 0.41548317670822144, 0.8338556289672852, 0.6198917627334595, 35.751980781555176
89, 9, 0.7982833689254443, 0.007126010187752934, 0.4, 44.0, 10.0, 94, 0.3592529892921448, 0.845886766910553, 0.6056989431381226, 0.3850533366203308, 0.8386186957359314, 0.6830100417137146, 37.32300090789795
90, 3, 0.7723179466903233, 0.003672157182058121, 0.3, 54.0, 60.0, 124, 0.41436007618904114, 0.8045880198478699, 0.552552342414856, 0.4652062654495239, 0.7786073684692383, 0.6947731375694275, 41.489001989364624
90, 5, 0.7723179466903233, 0.003672157182058121, 0.3, 54.0, 60.0, 63, 0.35133451223373413, 0.8484835028648376, 0.6112931370735168, 0.4896165728569031, 0.7507836222648621, 0.5954931378364563, 39.1390016078949
90, 9, 0.7723179466903233, 0.003672157182058121, 0.3, 54.0, 60.0, 144, 0.22578288614749908, 0.9084271192550659, 0.6057679653167725, 0.45548757910728455, 0.8171636462211609, 0.7014066576957703, 40.966999769210815
91, 3, 0.7609505778938134, 0.0029750693506402585, 0.2, 46.0, 50.0, 136, 0.2856616675853729, 0.8710291981697083, 0.7826002240180969, 0.4329984188079834, 0.8146771192550659, 0.6596240401268005, 40.06299948692322
91, 5, 0.7609505778938134, 0.0029750693506402585, 0.2, 46.0, 50.0, 70, 0.3757886588573456, 0.8169782757759094, 0.5802604556083679, 0.4855612516403198, 0.8166143298149109, 0.6759264469146729, 37.98199987411499
91, 9, 0.7609505778938134, 0.0029750693506402585, 0.2, 46.0, 50.0, 127, 0.2839934825897217, 0.8921538591384888, 0.7863181829452515, 0.5180944204330444, 0.812499463558197, 0.6422256231307983, 39.30198311805725
92, 3, 0.7216041195694003, 0.004802841705598491, 0.4, 50.0, 60.0, 153, 0.35837385058403015, 0.8296011686325073, 0.5941917896270752, 0.45203742384910583, 0.8034831285476685, 0.6344054937362671, 40.989999294281006
92, 5, 0.7216041195694003, 0.004802841705598491, 0.4, 50.0, 60.0, 150, 0.37494009733200073, 0.8287627100944519, 0.5711131691932678, 0.5998868942260742, 0.7257052063941956, 0.6079763770103455, 38.54700064659119
92, 9, 0.7216041195694003, 0.004802841705598491, 0.4, 50.0, 60.0, 83, 0.2164306342601776, 0.9128941893577576, 0.6387656927108765, 0.4614098072052002, 0.8348874449729919, 0.651796817779541, 40.10900115966797
93, 3, 0.7308278657537464, 0.008947016073712049, 0.4, 58.0, 40.0, 145, 0.4546123743057251, 0.7777509689331055, 0.515197217464447, 0.46859240531921387, 0.7935327887535095, 0.6429402232170105, 41.48899984359741
93, 5, 0.7308278657537464, 0.008947016073712049, 0.4, 58.0, 40.0, 79, 0.3877549171447754, 0.8162568211555481, 0.548259437084198, 0.441424697637558, 0.819749116897583, 0.6284704208374023, 38.59200072288513
93, 9, 0.7308278657537464, 0.008947016073712049, 0.4, 58.0, 40.0, 56, 0.2903369069099426, 0.8899202346801758, 0.5833740234375, 0.4087710678577423, 0.8152979016304016, 0.6135299205780029, 40.482173681259155
94, 3, 0.8421883491103176, 0.0010957628189632751, 0, 48.0, 20.0, 88, 0.40207812190055847, 0.7978135943412781, 0.5834329724311829, 0.45048511028289795, 0.8009955286979675, 0.5702081918716431, 39.48200058937073
94, 5, 0.8421883491103176, 0.0010957628189632751, 0, 48.0, 20.0, 75, 0.4039868712425232, 0.8222692012786865, 0.5135546922683716, 0.5155513286590576, 0.7617553472518921, 0.524470329284668, 37.30499887466431
94, 9, 0.8421883491103176, 0.0010957628189632751, 0, 48.0, 20.0, 51, 0.39336878061294556, 0.8382288217544556, 0.5165972113609314, 0.38456249237060547, 0.8367530703544617, 0.6422868371009827, 39.5479998588562
95, 3, 0.7489471511887821, 0.00258414964951198, 0.4, 40.0, 70.0, 185, 0.28990843892097473, 0.8738952875137329, 0.6781390905380249, 0.6002570390701294, 0.7549755573272705, 0.6246572136878967, 39.43999791145325
95, 5, 0.7489471511887821, 0.00258414964951198, 0.4, 40.0, 70.0, 195, 0.26815149188041687, 0.8910515904426575, 0.8026489615440369, 0.6814181208610535, 0.7319747805595398, 0.538188099861145, 37.26500129699707
95, 9, 0.7489471511887821, 0.00258414964951198, 0.4, 40.0, 70.0, 99, 0.2491052746772766, 0.9036408066749573, 0.5915018916130066, 0.49293261766433716, 0.8022382855415344, 0.6396828889846802, 39.06899857521057
96, 3, 0.7899160713184358, 0.006466309909231587, 0.3, 36.0, 20.0, 173, 0.34323325753211975, 0.846537172794342, 0.5219752192497253, 0.4842877984046936, 0.7997517585754395, 0.624277651309967, 37.19836163520813
96, 5, 0.7899160713184358, 0.006466309909231587, 0.3, 36.0, 20.0, 123, 0.3113587200641632, 0.8612298965454102, 0.6302626729011536, 0.4881424903869629, 0.7899685502052307, 0.6418130397796631, 35.11099934577942
96, 9, 0.7899160713184358, 0.006466309909231587, 0.3, 36.0, 20.0, 190, 0.39688244462013245, 0.8462058901786804, 0.6898699998855591, 0.39962711930274963, 0.8339546322822571, 0.6913615465164185, 36.49827742576599
97, 3, 0.8089020307120152, 0.00316423694462321, 0.2, 44.0, 10.0, 71, 0.45634204149246216, 0.7589911818504333, 0.48287931084632874, 0.4955731928348541, 0.7699009776115417, 0.59641033411026, 37.58599853515625
97, 5, 0.8089020307120152, 0.00316423694462321, 0.2, 44.0, 10.0, 81, 0.440167635679245, 0.7852325439453125, 0.48336371779441833, 0.4329966604709625, 0.8322883248329163, 0.6885230541229248, 35.85899877548218
97, 9, 0.8089020307120152, 0.00316423694462321, 0.2, 44.0, 10.0, 57, 0.36070477962493896, 0.8532257080078125, 0.5444842576980591, 0.431133508682251, 0.8134322762489319, 0.6043468713760376, 37.341766357421875
98, 3, 0.7368463665197511, 0.005717989749876962, 0.4, 60.0, 40.0, 177, 0.4138652980327606, 0.8061513900756836, 0.5766610503196716, 0.5624419450759888, 0.7674133777618408, 0.6258116364479065, 41.378979444503784
98, 5, 0.7368463665197511, 0.005717989749876962, 0.4, 60.0, 40.0, 69, 0.43938612937927246, 0.7950929999351501, 0.501765251159668, 0.4436461329460144, 0.8056424856185913, 0.6631690263748169, 39.608999252319336
98, 9, 0.7368463665197511, 0.005717989749876962, 0.4, 60.0, 40.0, 114, 0.18243926763534546, 0.9317200779914856, 0.7228335738182068, 0.6719958186149597, 0.7751861810684204, 0.6108669638633728, 41.131001234054565
99, 3, 0.818878830882846, 0.0003111826964031524, 0.4, 52.0, 30.0, 197, 0.41526007652282715, 0.8048486113548279, 0.4990904927253723, 0.4640127122402191, 0.7711447477340698, 0.4528350234031677, 39.486992597579956
99, 5, 0.818878830882846, 0.0003111826964031524, 0.4, 52.0, 30.0, 96, 0.42951393127441406, 0.8051938414573669, 0.5182221531867981, 0.49024349451065063, 0.8150469064712524, 0.49727025628089905, 37.96600341796875
99, 9, 0.818878830882846, 0.0003111826964031524, 0.4, 52.0, 30.0, 94, 0.39153653383255005, 0.8334426283836365, 0.5030429363250732, 0.4138096868991852, 0.838618814945221, 0.6381296515464783, 39.30199956893921
100, 3, 0.7172412775205587, 0.004369760950312626, 0.4, 38.0, 30.0, 65, 0.4771658778190613, 0.7514351010322571, 0.501733660697937, 0.4589364528656006, 0.7960203886032104, 0.6089804172515869, 37.4459969997406
100, 5, 0.7172412775205587, 0.004369760950312626, 0.4, 38.0, 30.0, 80, 0.3993816077709198, 0.8124088644981384, 0.5013737678527832, 0.5064637064933777, 0.7727271914482117, 0.6510889530181885, 35.890997648239136
100, 9, 0.7172412775205587, 0.004369760950312626, 0.4, 38.0, 30.0, 52, 0.3164623975753784, 0.8557784557342529, 0.5291373133659363, 0.4288373589515686, 0.8320889472961426, 0.660487174987793, 37.96121573448181
